animal	dpi	weight
CA1	49	25.7
CA3	49	29.5
CA5	49	24.9
CB1	49	29.6
CB2	49	32.5
CC1	49	22.2
CC2	49	25.2
CD1	55	26.2
CE2	55	22.8
CE3	55	23.4
CG1	66	29.8
CG2	66	29.7
CG3	66	28.3
CH1	66	24.1
CH2	66	19.3
CH3	66	23
CI4	66	18.9
CI5	66	23.6
CJ1	66	22.8
CK2	66	25.7
CL2	66	22.3
CM2	66	26.8
CN1	66	29.4
CO1	66	30.3
CO2	66	27
CO3	66	29.8
CP1	66	21.5
CQ3	66	33.2
CQ4	66	29.9
CQ5	66	31.4
CA1	92	28
CA3	92	33
CA5	92	25.9
CB1	92	30.6
CB2	92	34.9
CC1	92	23.9
CC2	92	28.6
CD1	92	27.8
CE2	92	24.6
CE3	92	24.2
CG1	92	30.1
CG2	92	29.8
CG3	92	28.2
CH1	92	24.9
CH2	92	20.8
CH3	92	23.5
CI4	92	20.6
CI5	92	23.5
CJ1	92	23.2
CK2	92	26.4
CL2	92	21.9
CM2	92	27.2
CN1	92	32.2
CO1	92	30.8
CO2	92	28.2
CO3	92	31
CP1	92	21.6
CQ3	92	34.1
CQ4	92	31.4
CQ5	92	31.1
CA1	99	27.3
CA3	99	33.6
CA5	99	27.1
CB1	99	31.5
CB2	99	36.7
CC1	99	23.6
CC2	99	29.5
CD1	99	27.8
CE2	99	23.7
CE3	99	23.5
CG1	99	30.2
CG2	99	29.8
CG3	99	28.6
CH1	99	24.7
CH2	99	20.6
CH3	99	23.5
CI4	99	12.9
CI5	99	15.4
CJ1	99	22.6
CK2	99	26.4
CL2	99	21.7
CM2	99	27.4
CN1	99	32.2
CO1	99	31.5
CO2	99	27.8
CO3	99	30.3
CP1	99	21.5
CQ3	99	35.1
CQ4	99	31.7
CQ5	99	31.3
CA1	106	27.1
CA3	106	34.4
CA5	106	27.1
CB1	106	30.8
CB2	106	35.3
CC1	106	24
CC2	106	29.3
CD1	106	27.5
CE2	106	23.6
CE3	106	24.1
CG1	106	31.2
CG2	106	30.1
CG3	106	29.5
CH1	106	24.5
CH2	106	21
CH3	106	22.9
CI4	106	20.5
CI5	106	22.7
CJ1	106	22.9
CK2	106	27.4
CL2	106	22.3
CM2	106	28.2
CN1	106	32.3
CO1	106	30.3
CO2	106	27.6
CO3	106	29.8
CP1	106	21.4
CQ3	106	35.5
CQ4	106	32.1
CQ5	106	32
CA1	113	26.8
CA3	113	33.6
CA5	113	26.5
CB1	113	31
CB2	113	36
CC1	113	24.2
CC2	113	31.3
CD1	113	28.1
CE2	113	23.9
CE3	113	25.3
CG1	113	31.1
CG2	113	30.5
CG3	113	28.6
CH1	113	24.5
CH2	113	20.6
CH3	113	23
CI4	113	20
CI5	113	23.8
CJ1	113	24.2
CK2	113	27.3
CL2	113	22.4
CM2	113	28.3
CN1	113	33.8
CO1	113	31.2
CO2	113	28
CO3	113	30.4
CP1	113	22.4
CQ3	113	36.4
CQ4	113	31.8
CQ5	113	32.2
CA1	120	27.8
CA3	120	33.8
CA5	120	27.1
CB1	120	30.9
CB2	120	35.1
CC1	120	24
CC2	120	32
CD1	120	28.3
CE2	120	23.8
CE3	120	24.8
CG1	120	32.2
CG2	120	30.6
CG3	120	29.7
CH1	120	24.8
CH2	120	20.7
CH3	120	22.9
CI4	120	20.6
CI5	120	23
CJ1	120	23.4
CK2	120	27.4
CL2	120	22.6
CM2	120	28.8
CN1	120	33.3
CO1	120	32.1
CO2	120	28
CO3	120	31.6
CP1	120	22.1
CQ3	120	35.2
CQ4	120	31.9
CQ5	120	32.1
CA1	127	28
CA3	127	33.9
CA5	127	27.3
CB1	127	31.4
CB2	127	36.6
CC1	127	25.4
CC2	127	32.1
CD1	127	28.3
CE2	127	24.3
CE3	127	25.4
CG1	127	31.2
CG2	127	30.4
CG3	127	29.3
CH1	127	24.6
CH2	127	21.5
CH3	127	23
CI4	127	20
CI5	127	24.1
CJ1	127	24.1
CK2	127	27.4
CL2	127	22.6
CM2	127	28.6
CN1	127	32.5
CO1	127	31.9
CO2	127	28
CO3	127	32.3
CP1	127	22.5
CQ3	127	36.8
CQ4	127	32.1
CQ5	127	33.2
CA1	134	28.6
CA3	134	35.1
CA5	134	27.9
CB1	134	31.6
CB2	134	37
CC1	134	25.6
CC2	134	32.5
CD1	134	28
CE2	134	24.3
CE3	134	25.7
CG1	134	30.7
CG2	134	30.8
CG3	134	30.1
CH1	134	25.7
CH2	134	20.9
CH3	134	22.9
CI4	134	20.7
CI5	134	23.9
CJ1	134	23.4
CK2	134	27.7
CL2	134	22.5
CM2	134	29.4
CN1	134	33.7
CO1	134	32.1
CO2	134	29.4
CO3	134	32.8
CP1	134	23.2
CQ3	134	36.8
CQ4	134	32.4
CQ5	134	33.1
CA1	141	27.9
CA3	141	34.5
CA5	141	27.4
CB1	141	32.1
CB2	141	37.9
CC1	141	25.5
CC2	141	33.9
CD1	141	27.8
CE2	141	24
CE3	141	25.6
CG1	141	31.5
CG2	141	31.2
CG3	141	30.5
CH1	141	25.8
CH2	141	20.6
CH3	141	23.3
CI4	141	20.8
CI5	141	24.2
CJ1	141	23.2
CK2	141	27.2
CL2	141	22.5
CM2	141	28.6
CN1	141	33.5
CO1	141	32.8
CO2	141	28.6
CO3	141	31.3
CP1	141	23
CQ3	141	36.9
CQ4	141	32
CQ5	141	33.1
CA1	148	28.9
CA3	148	34.9
CA5	148	27.9
CB1	148	31.6
CB2	148	36.8
CC1	148	26.1
CC2	148	34.6
CD1	148	28.6
CE2	148	25.5
CE3	148	26.5
CG1	148	31.6
CG2	148	31.8
CG3	148	30.7
CH1	148	25.6
CH2	148	20.6
CH3	148	23.3
CI4	148	21.2
CI5	148	22.9
CJ1	148	24.1
CK2	148	28.3
CL2	148	23.7
CM2	148	29
CN1	148	34
CO1	148	32.5
CO2	148	28.5
CO3	148	31.1
CP1	148	22.8
CQ3	148	36.7
CQ4	148	32.6
CQ5	148	33.3
CA1	155	29.2
CA3	155	35.7
CA5	155	28.4
CB1	155	31.6
CB2	155	36.8
CC1	155	27.1
CC2	155	35.4
CD1	155	29.4
CE2	155	26.2
CE3	155	26.9
CG1	155	32
CG2	155	31.5
CG3	155	30.5
CH1	155	26.4
CH2	155	20.9
CH3	155	24.3
CI4	155	21.7
CI5	155	24.1
CJ1	155	22.7
CK2	155	28
CL2	155	23.8
CM2	155	29.1
CN1	155	34.3
CO1	155	32.6
CO2	155	28.6
CO3	155	31.6
CP1	155	22.8
CQ3	155	37.5
CQ4	155	32.5
CQ5	155	33.8
CA1	162	28.8
CA3	162	35.9
CA5	162	28.4
CB1	162	32.7
CB2	162	37.5
CC1	162	28.6
CC2	162	36
CD1	162	29.4
CE2	162	25.4
CE3	162	26.9
CG1	162	32.7
CG2	162	32.1
CG3	162	31.2
CH1	162	27.8
CH2	162	21.2
CH3	162	24.5
CI4	162	21.4
CI5	162	24.8
CJ1	162	23.7
CK2	162	28.5
CL2	162	24
CM2	162	29
CN1	162	34.6
CO1	162	32.9
CO2	162	29.5
CO3	162	32.4
CP1	162	23.7
CQ3	162	36.3
CQ4	162	33.2
CQ5	162	33.7
CA1	169	29.5
CA3	169	37.5
CA5	169	29
CB1	169	33.4
CB2	169	39.1
CC1	169	30
CC2	169	37.6
CD1	169	29.7
CE2	169	25.1
CE3	169	27.5
CG1	169	33
CG2	169	32.1
CG3	169	31.2
CH1	169	26.6
CH2	169	21.8
CH3	169	24.8
CI4	169	21.5
CI5	169	23.5
CJ1	169	24.1
CK2	169	29.5
CL2	169	24
CM2	169	29.3
CN1	169	36.1
CO1	169	33.2
CO2	169	29.3
CO3	169	32.9
CP1	169	24
CQ3	169	36
CQ4	169	32.6
CQ5	169	33.1
CA1	176	29.3
CA3	176	37.6
CA5	176	28.9
CB1	176	32.6
CB2	176	38.6
CC1	176	29.6
CC2	176	37
CD1	176	28.7
CE2	176	25.6
CE3	176	27
CG1	176	33.3
CG2	176	32.6
CG3	176	32.2
CH1	176	25.7
CH2	176	20.9
CH3	176	24.2
CI4	176	21.2
CI5	176	23
CJ1	176	24
CK2	176	28.9
CL2	176	24
CM2	176	29
CN1	176	35.2
CO1	176	33.5
CO2	176	29.6
CO3	176	32.6
CP1	176	23.7
CQ3	176	37
CQ4	176	33
CQ5	176	33.9
CA1	183	29.7
CA3	183	38
CA5	183	29.1
CB1	183	33.8
CB2	183	40.2
CC1	183	30.9
CC2	183	37.6
CD1	183	28.2
CE2	183	25.3
CE3	183	26.4
CG1	183	32.6
CG2	183	31.5
CG3	183	31
CH1	183	26.3
CH2	183	21
CH3	183	23.7
CI4	183	21.5
CI5	183	24.1
CJ1	183	25
CK2	183	29.5
CL2	183	24
CM2	183	28.9
CN1	183	36.2
CO1	183	32.9
CO2	183	30.3
CO3	183	31.8
CP1	183	23.1
CQ3	183	37.8
CQ4	183	32.6
CQ5	183	33.6
CA1	190	29.8
CA3	190	36.4
CA5	190	29.4
CB1	190	34.6
CB2	190	39.7
CC1	190	30.4
CC2	190	38
CD1	190	29.2
CE2	190	26.2
CE3	190	27.2
CG1	190	33.7
CG2	190	33
CG3	190	32.3
CH1	190	26.2
CH2	190	21
CH3	190	24.1
CI4	190	22.2
CI5	190	24.2
CJ1	190	25.1
CK2	190	29
CL2	190	23.6
CM2	190	30.2
CN1	190	36
CO1	190	34.6
CO2	190	31.7
CO3	190	32.6
CP1	190	24.2
CQ3	190	36
CQ4	190	32.7
CQ5	190	34
CA1	197	30.6
CA3	197	38.1
CA5	197	29.6
CB1	197	34.5
CB2	197	41.9
CC1	197	30.7
CC2	197	37.7
CD1	197	29.7
CE2	197	25.5
CE3	197	28
CG1	197	34
CG2	197	33.7
CG3	197	32.5
CH1	197	26.7
CH2	197	21
CH3	197	24.4
CI4	197	22.1
CI5	197	23.5
CJ1	197	24.4
CK2	197	29
CL2	197	24.6
CM2	197	29.7
CN1	197	37.4
CO1	197	33.6
CO2	197	30.2
CO3	197	31.8
CP1	197	23.7
CQ3	197	36.5
CQ4	197	33.2
CQ5	197	33.9
CA1	204	29.8
CA3	204	36.8
CA5	204	29.2
CB1	204	33.6
CB2	204	40.7
CC1	204	31.6
CC2	204	38.9
CD1	204	30
CE2	204	25.8
CE3	204	27.7
CG1	204	33.3
CG2	204	32.9
CG3	204	32.1
CH1	204	26.5
CH2	204	21.2
CH3	204	25.1
CI4	204	22.3
CI5	204	25.5
CJ1	204	25.1
CK2	204	29.6
CL2	204	24.5
CM2	204	30.7
CN1	204	37.6
CO1	204	34.6
CO2	204	30.6
CO3	204	32.7
CP1	204	24
CQ3	204	36.4
CQ4	204	34.3
CQ5	204	34.5
CA1	210	29.7
CA3	210	36.8
CA5	210	29.8
CB1	210	35.1
CB2	210	41.3
CC1	210	30.7
CC2	210	38.6
CD1	210	30.4
CE2	210	26.9
CE3	210	28.3
CG1	210	33.8
CG2	210	32.8
CG3	210	32.3
CH1	210	26.8
CH2	210	21.6
CH3	210	25.5
CI4	210	23
CI5	210	25.4
CJ1	210	26.2
CK2	210	29.9
CL2	210	24.9
CM2	210	30.9
CN1	210	39.4
CO1	210	34.4
CO2	210	30.2
CO3	210	32.1
CP1	210	24.1
CQ3	210	36.2
CQ4	210	33.6
CQ5	210	34.1
CA1	218	30.7
CA3	218	38.8
CA5	218	29.9
CB1	218	35
CB2	218	40.9
CC1	218	31.8
CC2	218	40
CD1	218	29.8
CE2	218	26.3
CE3	218	28.8
CG1	218	33.3
CG2	218	33.2
CG3	218	32.1
CH1	218	27.3
CH2	218	21.6
CH3	218	25.3
CI4	218	23.4
CI5	218	24.4
CJ1	218	25.2
CK2	218	30.4
CL2	218	24
CM2	218	30.9
CN1	218	38.3
CO1	218	35.1
CO2	218	30.4
CO3	218	32.5
CP1	218	23.6
CQ3	218	37.4
CQ4	218	33.8
CQ5	218	34.5
CA1	225	30.8
CA3	225	38.8
CA5	225	30.9
CB1	225	36.3
CB2	225	42.8
CC1	225	33.6
CC2	225	41.7
CD1	225	29.3
CE2	225	26.8
CE3	225	29.3
CG1	225	33.6
CG2	225	33.7
CG3	225	33.7
CH1	225	28
CH2	225	22
CH3	225	25.9
CI4	225	22.9
CI5	225	26.1
CJ1	225	25.8
CK2	225	31
CL2	225	24.6
CM2	225	31.2
CN1	225	39.7
CO1	225	35.1
CO2	225	31.4
CO3	225	32.7
CP1	225	24.7
CQ3	225	37.8
CQ4	225	33.5
CQ5	225	34.5
CA1	232	30.2
CA5	232	31.5
CB1	232	35.8
CB2	232	43
CC1	232	33.3
CC2	232	42.1
CD1	232	29.3
CE2	232	26.4
CE3	232	28.9
CG1	232	33.5
CG2	232	33.4
CG3	232	32.6
CH1	232	27.9
CH2	232	21.5
CH3	232	25.8
CI4	232	22.4
CI5	232	26.4
CJ1	232	25.6
CK2	232	30.8
CL2	232	24.4
CM2	232	31.7
CN1	232	38.5
CO1	232	35
CO2	232	30.5
CO3	232	32.5
CP1	232	24.5
CQ3	232	37.9
CQ4	232	33.6
CQ5	232	33.8
CA1	238	29.6
CA3	238	43.1
CA5	238	31
CB1	238	35.3
CB2	238	43.1
CC1	238	34.1
CC2	238	42.5
CD1	238	29.2
CE2	238	26.7
CE3	238	29.5
CG1	238	33.1
CG2	238	32.9
CG3	238	33
CH1	238	28.5
CH2	238	20.7
CH3	238	25.7
CI4	238	23.1
CI5	238	24.8
CJ1	238	26.1
CK2	238	30.9
CL2	238	24.4
CM2	238	32.4
CN1	238	40.7
CO1	238	34.4
CO2	238	30.4
CO3	238	33.3
CP1	238	24.7
CQ3	238	37.2
CQ4	238	34
CQ5	238	34.5
CA1	246	29
CA3	246	45
CA5	246	31.4
CB1	246	36.4
CB2	246	44.5
CC1	246	35.4
CC2	246	41.9
CD1	246	27
CE2	246	26.9
CE3	246	30.3
CG1	246	33.6
CG2	246	34
CG3	246	33.5
CH1	246	27.5
CH2	246	20.3
CH3	246	25.7
CI4	246	22.7
CI5	246	24.5
CJ1	246	26.4
CK2	246	30.8
CL2	246	24.5
CM2	246	32.2
CN1	246	40.3
CO1	246	35
CO2	246	30.4
CO3	246	33.3
CP1	246	24.5
CQ3	246	38.2
CQ4	246	34.1
CQ5	246	35.2
CA1	253	29.2
CA3	253	44.3
CA5	253	31.6
CB1	253	35.4
CB2	253	43.2
CC1	253	33.9
CC2	253	42.2
CD1	253	26.8
CE2	253	26.9
CE3	253	30
CG1	253	33.6
CG2	253	33.7
CG3	253	32.8
CH1	253	27.2
CH2	253	19.9
CH3	253	25.8
CI4	253	23.4
CI5	253	26
CJ1	253	27.7
CK2	253	31.3
CL2	253	24.7
CM2	253	31.8
CN1	253	41.1
CO1	253	34.1
CO2	253	30.3
CO3	253	33.4
CP1	253	24.9
CQ3	253	36.6
CQ4	253	33.8
CQ5	253	34.9
CA1	260	27.9
CA3	260	45.5
CA5	260	31.8
CB1	260	35.9
CB2	260	43.3
CC1	260	34.3
CC2	260	43.4
CD1	260	26.4
CE2	260	26.8
CE3	260	29.6
CG1	260	34
CG2	260	34
CG3	260	33.3
CH1	260	26.2
CH3	260	24.7
CI4	260	24.3
CI5	260	27.2
CJ1	260	26.9
CK2	260	31.6
CL2	260	24.2
CM2	260	32.5
CN1	260	42.2
CO1	260	35.4
CO2	260	29.9
CO3	260	33.7
CP1	260	24.8
CQ3	260	35.7
CQ4	260	33.4
CQ5	260	34.3
CA1	267	27.4
CA3	267	45.5
CA5	267	32
CB1	267	36.8
CB2	267	44.8
CC1	267	33.9
CC2	267	44.1
CD1	267	25.8
CE2	267	27.6
CE3	267	29.8
CG1	267	34.3
CG2	267	34.4
CG3	267	34.1
CH1	267	26.7
CH3	267	25.8
CI4	267	23.8
CI5	267	25.5
CJ1	267	26.7
CK2	267	31.8
CL2	267	24.7
CM2	267	31.9
CN1	267	43.2
CO1	267	35.4
CO2	267	31.8
CO3	267	34.3
CP1	267	24.1
CQ3	267	35.2
CQ4	267	34.1
CQ5	267	34.3
CA1	272	25.8
CA3	272	45.7
CA5	272	32.6
CB1	272	36.6
CB2	272	46.2
CC1	272	33.9
CC2	272	47.4
CD1	272	25.7
CE2	272	27.4
CE3	272	30.4
CG1	272	34.3
CG2	272	34.8
CG3	272	34.3
CH1	272	26.5
CH3	272	24.9
CI4	272	24.1
CI5	272	25.7
CJ1	272	24.4
CK2	272	30.9
CL2	272	24.1
CM2	272	31.8
CN1	272	42.8
CO1	272	35.1
CO2	272	30.7
CO3	272	34.3
CP1	272	24.6
CQ3	272	37.9
CQ4	272	34.9
CQ5	272	35.1
CA1	274	25.9
CA3	274	46.7
CA5	274	33
CB1	274	37.7
CB2	274	47.1
CC1	274	33.3
CC2	274	45.7
CD1	274	25.5
CE2	274	26.8
CE3	274	31
CG1	274	34.3
CG2	274	34.5
CG3	274	33.9
CH1	274	26.1
CH3	274	24.5
CI4	274	23.7
CI5	274	25.9
CJ1	274	27.2
CK2	274	31.4
CL2	274	24.5
CM2	274	32.1
CN1	274	42.3
CO1	274	35.1
CO2	274	30.6
CO3	274	34.3
CP1	274	24.9
CQ3	274	36.9
CQ4	274	34.4
CQ5	274	34.8
CA1	276	26
CA3	276	45.1
CA5	276	32.8
CB1	276	37.9
CB2	276	47.9
CC1	276	33.1
CC2	276	44.2
CD1	276	24.5
CE2	276	26.6
CE3	276	30.5
CG1	276	35.4
CG2	276	35.4
CG3	276	34.5
CH1	276	25.4
CH3	276	24.3
CI4	276	23.7
CI5	276	26.2
CJ1	276	25.7
CK2	276	31.6
CL2	276	25
CM2	276	31.8
CN1	276	42.6
CO1	276	35.9
CO2	276	31.4
CO3	276	34.8
CP1	276	25.3
CQ3	276	37.6
CQ4	276	35.4
CQ5	276	35.9
CA1	279	26.7
CA3	279	45.3
CA5	279	32.8
CB1	279	37.8
CB2	279	47.8
CC1	279	32.8
CC2	279	44.9
CD1	279	22.6
CE2	279	27
CE3	279	30.6
CG1	279	34.6
CG2	279	35.3
CG3	279	34.1
CH1	279	25.1
CH3	279	24.2
CI4	279	23.8
CI5	279	26.1
CJ1	279	26.2
CK2	279	32.3
CL2	279	24.8
CM2	279	31.7
CN1	279	42.7
CO1	279	35.5
CO2	279	31
CO3	279	35
CP1	279	25.3
CQ3	279	37.5
CQ4	279	35.5
CQ5	279	35.9
CA1	281	25.8
CA3	281	44.3
CA5	281	32.6
CB1	281	37.2
CB2	281	46
CC1	281	32.6
CC2	281	44.7
CE2	281	26.5
CE3	281	30.5
CG1	281	34.9
CG2	281	34.2
CG3	281	33.9
CH1	281	25
CH3	281	24.3
CI4	281	23.6
CI5	281	26.6
CJ1	281	24.4
CK2	281	31.2
CL2	281	24.6
CM2	281	32.1
CN1	281	42.2
CO1	281	34.8
CO2	281	29.8
CO3	281	34.2
CP1	281	25
CQ3	281	38.5
CQ4	281	34.9
CQ5	281	35
CA1	283	26.4
CA3	283	44.1
CA5	283	32.4
CB1	283	36.6
CB2	283	46.2
CC1	283	32.9
CC2	283	44.8
CE2	283	26.6
CE3	283	30.4
CG1	283	33.9
CG2	283	34.6
CG3	283	33.1
CH1	283	24.8
CH3	283	24.4
CI4	283	23
CI5	283	27.3
CJ1	283	25.1
CK2	283	31.9
CL2	283	24.2
CM2	283	31.6
CN1	283	42.1
CO1	283	34.8
CO2	283	30.6
CO3	283	34.6
CP1	283	25.4
CQ3	283	38.5
CQ4	283	34.6
CQ5	283	35
CA1	286	25.8
CA3	286	45.3
CA5	286	32.6
CB1	286	36.7
CB2	286	45.3
CC1	286	31.9
CC2	286	46.2
CE2	286	27.2
CE3	286	30.5
CG1	286	34.5
CG2	286	35
CG3	286	33.7
CH1	286	25.3
CH3	286	24.5
CI4	286	24.1
CI5	286	27.2
CJ1	286	24.8
CK2	286	32
CL2	286	24.3
CM2	286	31.6
CN1	286	42.8
CO1	286	34.1
CO2	286	30
CO3	286	33.9
CP1	286	25.5
CQ3	286	38.6
CQ4	286	35.3
CQ5	286	34.6
CA3	288	45
CA5	288	32.6
CB1	288	37
CB2	288	45.9
CC1	288	31.2
CC2	288	46.4
CE2	288	27
CE3	288	30.3
CG1	288	34.3
CG2	288	34.9
CG3	288	33.5
CH1	288	25.1
CH3	288	24.6
CI4	288	24.2
CI5	288	26.8
CJ1	288	23.9
CK2	288	31.6
CL2	288	24.3
CM2	288	31.5
CN1	288	42.8
CO1	288	34.5
CO2	288	29.6
CO3	288	33.6
CP1	288	25.7
CQ3	288	39.3
CQ4	288	35.1
CQ5	288	34.5
CA3	290	44.9
CA5	290	33.2
CB1	290	38
CB2	290	46.5
CC1	290	31.1
CC2	290	45.2
CE2	290	27.2
CE3	290	30.8
CG1	290	33.7
CG2	290	35.1
CG3	290	33.7
CH1	290	25
CH3	290	24.3
CI4	290	24.9
CI5	290	25.8
CJ1	290	25.5
CK2	290	32.9
CL2	290	24.4
CM2	290	31.3
CN1	290	43.9
CO1	290	34.9
CO2	290	30.4
CO3	290	33
CP1	290	26.1
CQ3	290	40
CQ4	290	35.4
CQ5	290	35.5
CA3	293	37.2
CA5	293	32.2
CB1	293	36.3
CB2	293	44.5
CC1	293	31.6
CC2	293	45.9
CE2	293	27.2
CE3	293	29.8
CG1	293	34.7
CG2	293	34.8
CG3	293	33.7
CH1	293	24.9
CH3	293	23.7
CI4	293	23.3
CI5	293	24.8
CJ1	293	22.1
CK2	293	31.8
CL2	293	24
CM2	293	31.8
CN1	293	43.5
CO1	293	34
CO2	293	29
CO3	293	32.7
CP1	293	25.4
CQ3	293	38.8
CQ4	293	34.8
CQ5	293	35.8
CA5	295	32.1
CB1	295	35.6
CB2	295	44.2
CC1	295	31.5
CC2	295	46.2
CE2	295	27.2
CE3	295	30.1
CG1	295	34.7
CG2	295	34.6
CG3	295	33.4
CH1	295	25.1
CH3	295	23.8
CI4	295	24.9
CI5	295	26.6
CK2	295	31.4
CL2	295	24.6
CM2	295	31.8
CN1	295	43.4
CO1	295	33.8
CO2	295	29
CO3	295	33
CP1	295	25.3
CQ3	295	39.3
CQ4	295	34.7
CQ5	295	36
CA5	297	31.7
CB1	297	36.6
CB2	297	44.4
CC1	297	32.8
CC2	297	46.2
CE2	297	27.5
CE3	297	30.8
CG1	297	34.7
CG2	297	34.7
CG3	297	33.3
CH1	297	24.7
CH3	297	23.8
CI4	297	25.4
CI5	297	25.5
CK2	297	31.1
CL2	297	24.3
CM2	297	31.6
CN1	297	43.6
CO1	297	34.4
CO2	297	29.8
CO3	297	32.8
CP1	297	25.5
CQ3	297	40.6
CQ4	297	35
CQ5	297	36.5
CA5	300	31.5
CB1	300	36.9
CB2	300	45
CC1	300	33.3
CC2	300	46.6
CE2	300	27.7
CE3	300	30.7
CG1	300	34.1
CG2	300	35.2
CG3	300	33.4
CH1	300	24.4
CH3	300	23.4
CI4	300	24.4
CI5	300	25.6
CK2	300	31.7
CL2	300	24.6
CM2	300	32.2
CN1	300	44.3
CO1	300	34.1
CO2	300	29.5
CO3	300	32.5
CP1	300	26.1
CQ3	300	40.2
CQ4	300	35
CQ5	300	36.6
CA5	302	31.9
CB1	302	37
CB2	302	44.4
CC1	302	33.2
CC2	302	46.7
CE2	302	27.9
CE3	302	30.5
CG1	302	34.4
CG2	302	35
CG3	302	34.1
CH1	302	23.1
CH3	302	23.6
CI4	302	24.4
CI5	302	25.8
CK2	302	31.9
CL2	302	24.6
CM2	302	31.9
CN1	302	42.9
CO1	302	33.8
CO2	302	29.2
CO3	302	32.7
CP1	302	25.5
CQ3	302	40.2
CQ4	302	34.7
CQ5	302	35.6
CA5	304	31.6
CB1	304	37
CB2	304	45
CC1	304	32.9
CC2	304	47.2
CE2	304	27.5
CE3	304	31
CG1	304	34.8
CG2	304	35.3
CG3	304	34.2
CH1	304	21.6
CH3	304	24.7
CI4	304	24.4
CI5	304	26
CK2	304	32.1
CL2	304	24.7
CM2	304	32
CN1	304	44
CO1	304	34.2
CO2	304	29.3
CO3	304	32.1
CP1	304	26
CQ3	304	40.5
CQ4	304	35
CQ5	304	37.3
CA5	307	30.3
CB1	307	37
CB2	307	44.2
CC1	307	32
CC2	307	46.7
CE2	307	27.7
CE3	307	31.1
CG1	307	34.6
CG2	307	35.6
CG3	307	34.3
CH3	307	22.9
CI4	307	23.9
CI5	307	27
CK2	307	32
CL2	307	24.2
CM2	307	31.7
CN1	307	43.8
CO1	307	33.3
CO2	307	28.5
CO3	307	31.7
CP1	307	26.2
CQ3	307	40.5
CQ4	307	34.8
CQ5	307	36.1
CA5	309	30.3
CB1	309	37
CB2	309	44.7
CC1	309	32.5
CC2	309	47.7
CE2	309	27.3
CE3	309	30.5
CG1	309	34.9
CG2	309	35.4
CG3	309	34
CH3	309	23.9
CI4	309	23.8
CI5	309	27.5
CK2	309	31.7
CL2	309	24.8
CM2	309	31.7
CN1	309	43.9
CO1	309	33.9
CO2	309	28.9
CO3	309	31.4
CP1	309	25.3
CQ3	309	39.9
CQ4	309	34.8
CQ5	309	35.5
CA5	314	30.2
CB1	314	37.8
CB2	314	45.1
CC1	314	32.7
CC2	314	49.2
CE2	314	27.8
CE3	314	30
CG1	314	34.7
CG2	314	35.6
CG3	314	34.5
CH3	314	23.4
CI4	314	24.6
CI5	314	25.4
CK2	314	31.9
CL2	314	25.1
CM2	314	32.2
CN1	314	44.4
CO1	314	34.1
CO2	314	28.6
CO3	314	30.6
CP1	314	26.5
CQ3	314	40.6
CQ4	314	34.6
CQ5	314	36
CA5	316	29.8
CB1	316	37.7
CB2	316	45.6
CC1	316	32.6
CC2	316	49
CE2	316	27.9
CE3	316	30.7
CG1	316	34.5
CG2	316	35.2
CG3	316	33.4
CH3	316	23.2
CI4	316	24.3
CI5	316	25.4
CK2	316	31.5
CL2	316	24.9
CM2	316	32.3
CN1	316	44
CO1	316	33
CO2	316	28.5
CO3	316	29.8
CP1	316	26.1
CQ3	316	39.7
CQ4	316	34.6
CQ5	316	35.4
CA5	318	29.9
CB1	318	36.4
CB2	318	44.5
CC1	318	32.3
CC2	318	47.3
CE2	318	27.9
CE3	318	30.1
CG1	318	35
CG2	318	35.8
CG3	318	33.5
CH3	318	24
CI4	318	24
CI5	318	24.9
CK2	318	31.5
CL2	318	24.4
CM2	318	32.7
CN1	318	43.8
CO1	318	32.5
CO2	318	27.5
CO3	318	28.8
CP1	318	26.3
CQ3	318	39.3
CQ4	318	34.7
CQ5	318	36.4
CA5	321	30
CB1	321	36.4
CB2	321	43.2
CC1	321	32.1
CC2	321	47.7
CE2	321	27.5
CE3	321	30.5
CG1	321	34.5
CG2	321	34.9
CG3	321	33
CH3	321	23.4
CI4	321	24.6
CI5	321	25.4
CK2	321	31.1
CL2	321	24.3
CM2	321	32.5
CN1	321	43.6
CO1	321	32.6
CO2	321	27.2
CO3	321	27.9
CP1	321	25.6
CQ3	321	38.4
CQ4	321	34.8
CQ5	321	34.9
CA5	323	30.1
CB1	323	36.8
CB2	323	43.2
CC1	323	31.6
CC2	323	47.9
CE2	323	27.6
CE3	323	30.5
CG1	323	34.5
CG2	323	35
CG3	323	33.7
CH3	323	23.6
CI4	323	24.1
CI5	323	25.4
CK2	323	31.7
CL2	323	25
CM2	323	32.3
CN1	323	42.6
CO1	323	32
CO2	323	26.2
CP1	323	26.3
CQ3	323	37
CQ4	323	34.8
CQ5	323	34.8
CA5	325	30.1
CB1	325	36.3
CB2	325	42.8
CC1	325	32
CC2	325	48.6
CE2	325	27.5
CE3	325	30.5
CG1	325	34.3
CG2	325	35
CG3	325	32.9
CH3	325	22.8
CI4	325	24.7
CI5	325	26.3
CK2	325	31.2
CL2	325	24.4
CM2	325	32.8
CN1	325	43.5
CO1	325	31.1
CO2	325	26.7
CP1	325	27
CQ3	325	37.9
CQ4	325	34.9
CQ5	325	35.8
CA5	328	29.8
CB1	328	37.8
CB2	328	44.4
CC1	328	31.8
CC2	328	48.1
CE2	328	27.5
CE3	328	29.6
CG1	328	35.2
CG2	328	35.9
CG3	328	35
CH3	328	20.7
CI4	328	24.8
CI5	328	27.1
CK2	328	30.9
CL2	328	24.1
CM2	328	30.8
CN1	328	44
CO1	328	30.8
CO2	328	26
CP1	328	26.3
CQ3	328	37.8
CQ4	328	34.6
CQ5	328	35
CA5	330	29.5
CB1	330	37.9
CB2	330	43.8
CC1	330	32
CC2	330	48.2
CE2	330	27.6
CE3	330	30.1
CG1	330	35.3
CG2	330	35.1
CG3	330	34
CI4	330	23.6
CI5	330	27.5
CK2	330	30.9
CL2	330	24.4
CM2	330	31.4
CN1	330	44.5
CO1	330	30.9
CO2	330	26
CP1	330	26.2
CQ3	330	37.3
CQ4	330	34.4
CQ5	330	34.8
CA5	335	29.9
CB1	335	37.1
CB2	335	42.7
CC1	335	31.9
CC2	335	50.4
CE2	335	27.8
CE3	335	29.8
CG1	335	35.4
CG2	335	35.8
CG3	335	34.2
CI4	335	24.8
CI5	335	24.4
CK2	335	31.4
CL2	335	24.4
CM2	335	31.8
CN1	335	46.5
CO1	335	29.8
CO2	335	18.7
CP1	335	26
CQ3	335	37.8
CQ4	335	34.9
CQ5	335	35.2
CA5	337	31.1
CB1	337	36.9
CB2	337	43.6
CC1	337	32
CC2	337	51.5
CE2	337	28
CE3	337	29.8
CG1	337	36.1
CG2	337	36.3
CG3	337	34.4
CI4	337	25
CI5	337	25.5
CK2	337	31.9
CL2	337	25.2
CM2	337	32.3
CN1	337	44.6
CO1	337	28
CP1	337	26.9
CQ3	337	38.2
CQ4	337	34.8
CQ5	337	35.9
CA5	342	30.5
CB1	342	36.5
CB2	342	42.4
CC1	342	32
CC2	342	50.3
CE2	342	28.4
CE3	342	30.5
CG1	342	35.2
CG2	342	34.9
CG3	342	34
CI4	342	24.5
CI5	342	25.1
CK2	342	31.8
CL2	342	25.1
CM2	342	32.2
CN1	342	45.7
CP1	342	27.1
CQ3	342	37.9
CQ4	342	35.2
CQ5	342	35.1
CA5	344	30.6
CB1	344	36.5
CB2	344	43
CC1	344	32.7
CC2	344	50.6
CE2	344	27.9
CE3	344	30.7
CG1	344	35.2
CG2	344	35.4
CG3	344	34.1
CI4	344	24.2
CI5	344	24.7
CK2	344	32.5
CL2	344	24.8
CM2	344	32.8
CN1	344	47.1
CP1	344	27.4
CQ3	344	37.6
CQ4	344	34.9
CQ5	344	34.5
CA5	346	29.8
CB1	346	36.6
CB2	346	42.8
CC1	346	32.9
CC2	346	51.9
CE2	346	27.9
CE3	346	30.8
CG1	346	35.6
CG2	346	36
CG3	346	34.9
CI4	346	24.4
CI5	346	25.6
CK2	346	31.2
CL2	346	25
CM2	346	32.7
CN1	346	46.6
CP1	346	27.8
CQ3	346	38.7
CQ4	346	34.7
CQ5	346	36.3
CA5	349	29.9
CB1	349	35.6
CB2	349	42.5
CC1	349	32.7
CC2	349	51.8
CE2	349	28.2
CE3	349	29.6
CG1	349	35.3
CG2	349	35.9
CG3	349	34.5
CI4	349	25
CI5	349	25.7
CK2	349	32
CL2	349	24.8
CM2	349	32.2
CN1	349	46.4
CP1	349	26.7
CQ3	349	37.1
CQ4	349	34.3
CQ5	349	35.2
CA5	351	30
CB1	351	36
CB2	351	42.3
CC1	351	32.6
CC2	351	52.1
CE2	351	28.6
CE3	351	29.9
CG1	351	35.3
CG2	351	35.1
CG3	351	34.2
CI4	351	25.8
CI5	351	26.1
CK2	351	31.9
CL2	351	25
CM2	351	31.8
CN1	351	46.5
CP1	351	27.2
CQ3	351	37.8
CQ4	351	34.8
CQ5	351	35.1
CA5	356	29.6
CB1	356	35.5
CB2	356	41.7
CC1	356	31.7
CC2	356	51.4
CE2	356	28.4
CE3	356	28.6
CG1	356	34.5
CG2	356	35
CG3	356	34.1
CI4	356	23.7
CI5	356	26.5
CK2	356	31.3
CL2	356	24.8
CM2	356	32.5
CN1	356	45.8
CP1	356	27.4
CQ3	356	37.5
CQ4	356	34.2
CQ5	356	34.8
CA5	358	29.8
CB1	358	36.1
CB2	358	42.9
CC1	358	33
CC2	358	50.8
CE2	358	29
CE3	358	29.6
CG1	358	35.3
CG2	358	35.3
CG3	358	35.2
CI4	358	24.9
CI5	358	27.6
CK2	358	31.7
CL2	358	24.7
CM2	358	32.5
CN1	358	46.2
CP1	358	26.9
CQ3	358	36
CQ4	358	34.4
CQ5	358	34.5
CA5	360	30.2
CB1	360	36
CB2	360	43
CC1	360	33.1
CC2	360	52.3
CE2	360	29.2
CE3	360	29.5
CG1	360	35.5
CG2	360	35.3
CG3	360	34.2
CI4	360	25.3
CI5	360	27.8
CK2	360	32.7
CL2	360	24.8
CM2	360	32.9
CN1	360	46.6
CP1	360	27.4
CQ3	360	36.3
CQ4	360	34.8
CQ5	360	35.2
CA5	363	30
CB1	363	34.9
CB2	363	41.8
CC1	363	31.9
CC2	363	52.1
CE2	363	29.4
CE3	363	29.5
CG1	363	34.7
CG2	363	36.2
CG3	363	34.4
CI4	363	26.2
CI5	363	28.1
CK2	363	31.8
CL2	363	25
CM2	363	31.3
CN1	363	44.9
CP1	363	26.7
CQ3	363	36
CQ4	363	34.4
CQ5	363	35.5
CA5	367	30.2
CB1	367	35.3
CB2	367	42.6
CC1	367	31.5
CC2	367	51.1
CE2	367	29
CE3	367	29.3
CG1	367	35.2
CG2	367	35.8
CG3	367	35
CI4	367	25.5
CI5	367	26.1
CK2	367	32
CL2	367	25.3
CM2	367	31.8
CN1	367	45.6
CP1	367	26.8
CQ3	367	36.2
CQ4	367	33.4
CQ5	367	34.4
CA5	370	30.8
CB1	370	35.7
CB2	370	42.2
CC1	370	30.2
CC2	370	50
CE2	370	28.8
CE3	370	30
CG1	370	34.9
CG2	370	35.6
CG3	370	35.3
CI4	370	25.9
CI5	370	25.5
CK2	370	32
CL2	370	25.4
CM2	370	32
CN1	370	44.2
CP1	370	27
CQ3	370	36.2
CQ4	370	34.3
CQ5	370	34.6
CA5	372	30.6
CB1	372	36
CB2	372	43.3
CC1	372	30.1
CC2	372	50.8
CE2	372	28.9
CE3	372	30.1
CG1	372	35.1
CG2	372	36.1
CG3	372	35.1
CI4	372	26
CI5	372	25.7
CK2	372	31.9
CL2	372	25.4
CM2	372	32.1
CN1	372	45.2
CP1	372	26.9
CQ3	372	35.7
CQ4	372	34.3
CQ5	372	34.2
CA5	374	30.2
CB1	374	34.9
CB2	374	43
CC1	374	27.5
CC2	374	49.1
CE2	374	28.5
CE3	374	30
CG1	374	35.3
CG2	374	36.6
CG3	374	35.5
CI4	374	26.5
CI5	374	25.8
CK2	374	31.7
CL2	374	24.9
CM2	374	32.3
CN1	374	44.3
CP1	374	27.4
CQ3	374	37.4
CQ4	374	34.8
CQ5	374	35.9
CA5	377	30.3
CB1	377	34.3
CB2	377	42.6
CC2	377	50.7
CE2	377	28
CE3	377	30
CG1	377	35.2
CG2	377	36.4
CG3	377	35.5
CI4	377	26.6
CI5	377	25.5
CK2	377	31.8
CL2	377	25.7
CM2	377	32.1
CN1	377	44.4
CP1	377	27.6
CQ3	377	37.2
CQ4	377	34.6
CQ5	377	35.5
CA5	379	30.1
CB1	379	34.1
CB2	379	41.4
CC2	379	49
CE2	379	28.5
CE3	379	29.6
CG1	379	34.7
CG2	379	35.1
CG3	379	34.4
CI4	379	26.6
CI5	379	25.7
CK2	379	31.8
CL2	379	25.2
CM2	379	32.5
CN1	379	43
CP1	379	26.9
CQ3	379	36.4
CQ4	379	34.3
CQ5	379	35.6
CB1	381	34.9
CB2	381	42.3
CQ3	381	37.1
CA5	386	30
CB1	386	34.6
CB2	386	40.9
CC2	386	49.1
CE2	386	28.6
CE3	386	29.3
CG1	386	34.3
CG2	386	35
CG3	386	33.9
CI4	386	26.7
CI5	386	25.6
CK2	386	31.9
CL2	386	25
CM2	386	32.4
CN1	386	43
CP1	386	27
CQ3	386	37
CQ4	386	34.5
CQ5	386	35.5
CA5	388	30.6
CB1	388	35.3
CB2	388	41.2
CC2	388	47.5
CE2	388	28.8
CE3	388	28.2
CG1	388	35.9
CG2	388	37.3
CG3	388	35.1
CI4	388	26.6
CI5	388	26.9
CK2	388	31.9
CL2	388	25.1
CM2	388	31.7
CN1	388	44
CP1	388	26.7
CQ3	388	36.7
CQ4	388	34.8
CQ5	388	35.3
CA5	391	31.6
CB1	391	35.1
CB2	391	40.9
CC2	391	47.3
CE2	391	29.6
CE3	391	29.3
CG1	391	36.1
CG2	391	37.9
CG3	391	36.1
CI4	391	27.2
CI5	391	29.9
CK2	391	32.5
CL2	391	25.3
CM2	391	32.1
CN1	391	43.5
CP1	391	26
CQ3	391	36.7
CQ4	391	34.8
CQ5	391	35.3
CA5	393	31.5
CB1	393	35
CB2	393	40.6
CC2	393	47.1
CE2	393	29.5
CE3	393	29.1
CG1	393	36.2
CG2	393	38
CG3	393	36.4
CI4	393	27.1
CI5	393	30
CK2	393	32.2
CL2	393	25.2
CM2	393	32.5
CN1	393	43.1
CP1	393	26.2
CQ3	393	36.6
CQ4	393	34.5
CQ5	393	35.2
CA5	395	30.7
CB1	395	34.7
CB2	395	39.5
CC2	395	45
CE2	395	29.6
CE3	395	28.5
CG1	395	35.3
CG2	395	36.7
CG3	395	35
CI4	395	26.2
CI5	395	25.8
CK2	395	31.8
CL2	395	25.1
CM2	395	32
CN1	395	44.6
CP1	395	26.4
CQ3	395	35.5
CQ4	395	33.9
CQ5	395	35.4
CA5	398	31.4
CB1	398	32.8
CB2	398	38.3
CC2	398	45.7
CE2	398	29.7
CE3	398	29.5
CG1	398	34.8
CG2	398	36.9
CG3	398	34.9
CI4	398	26.4
CI5	398	26.1
CK2	398	31.9
CL2	398	25.3
CM2	398	31
CN1	398	44.9
CP1	398	26.9
CQ3	398	35
CQ4	398	34
CQ5	398	35.4
CA5	400	30.7
CB1	400	34.8
CC2	400	46
CE2	400	28.9
CE3	400	28.3
CG1	400	35
CG2	400	35.9
CG3	400	34.7
CI4	400	26.5
CI5	400	25.5
CK2	400	32.1
CL2	400	25.5
CM2	400	31.3
CN1	400	42.3
CP1	400	26.3
CQ3	400	35.1
CQ4	400	34.5
CQ5	400	36.4
CC2	402	44
CI5	402	24.9
CN1	402	42.2
CQ3	402	34.7
CA5	405	30.5
CB1	405	33.7
CC2	405	42.8
CE2	405	28
CE3	405	28.5
CG1	405	34.1
CG2	405	34.9
CG3	405	34.4
CI4	405	26.7
CI5	405	25.8
CK2	405	30.4
CL2	405	24.6
CM2	405	30.6
CN1	405	42.6
CP1	405	26.9
CQ3	405	32.8
CQ4	405	33.7
CQ5	405	34.7
CA5	407	30
CB1	407	33.6
CC2	407	40.9
CE2	407	28.7
CE3	407	28.6
CG1	407	34.6
CG2	407	35.7
CG3	407	34.1
CI4	407	26.1
CI5	407	25.8
CK2	407	31.6
CL2	407	25.2
CM2	407	31.2
CN1	407	42.6
CP1	407	26.1
CQ3	407	32.8
CQ4	407	34.1
CQ5	407	34.6
CA5	409	30.2
CB1	409	35.3
CE2	409	28.6
CE3	409	29.2
CG1	409	35
CG2	409	35.6
CG3	409	34
CI4	409	26.8
CI5	409	26.4
CK2	409	32.2
CL2	409	25.3
CM2	409	31.8
CN1	409	43.7
CP1	409	27.4
CQ3	409	34.2
CQ4	409	34.1
CQ5	409	35.2
CA5	412	29.9
CB1	412	35.2
CE2	412	28.8
CE3	412	29.6
CG1	412	35.4
CG2	412	36
CG3	412	33.9
CI4	412	26.8
CI5	412	26.4
CK2	412	31.9
CL2	412	25.8
CM2	412	31
CN1	412	43.7
CP1	412	28
CQ3	412	33.3
CQ4	412	35.3
CQ5	412	34.8
CA5	414	28.9
CB1	414	33.3
CE2	414	28
CE3	414	29
CG1	414	33.1
CG2	414	33.3
CG3	414	32.4
CI4	414	27
CI5	414	26
CK2	414	31.3
CL2	414	25.6
CM2	414	31.2
CN1	414	43
CP1	414	27.2
CQ3	414	32.2
CQ4	414	34.2
CQ5	414	34
CA5	416	29
CB1	416	33.9
CE2	416	27.9
CE3	416	28.6
CG1	416	35.7
CG2	416	35.5
CG3	416	33.7
CI4	416	26.8
CI5	416	25.8
CK2	416	32.4
CL2	416	25.7
CM2	416	31.9
CN1	416	43.1
CP1	416	27.3
CQ4	416	34.5
CQ5	416	34.1
CA5	419	25
CB1	419	32.8
CE2	419	26.8
CE3	419	27.6
CG1	419	35.2
CG2	419	36.7
CG3	419	33.8
CI4	419	26.7
CI5	419	26.3
CK2	419	31.2
CL2	419	25.7
CM2	419	30.4
CN1	419	43.1
CP1	419	27.4
CQ4	419	34.3
CQ5	419	35.2
CB1	421	32.7
CE2	421	28
CE3	421	27.6
CG1	421	35.2
CG2	421	36.2
CG3	421	33
CI4	421	27.4
CI5	421	26.5
CK2	421	31.9
CL2	421	26.7
CM2	421	30.9
CN1	421	43.4
CP1	421	27.3
CQ4	421	34.2
CQ5	421	34.4
CB1	423	32.3
CE2	423	28.3
CE3	423	27.5
CG1	423	35.1
CG2	423	36.2
CG3	423	33
CI4	423	27.1
CI5	423	26.2
CK2	423	31.8
CL2	423	26.4
CM2	423	31
CN1	423	43.4
CP1	423	27.5
CQ4	423	34.2
CQ5	423	34.5
CB1	426	33.3
CE2	426	27.7
CE3	426	27.4
CG1	426	34.6
CG2	426	36.2
CG3	426	33.7
CI4	426	27.2
CI5	426	25.9
CK2	426	31.4
CL2	426	25.7
CM2	426	31
CN1	426	43
CP1	426	28.1
CQ4	426	34.1
CQ5	426	34.9
CB1	428	32.4
CE2	428	27.7
CE3	428	27.3
CG1	428	34.1
CG2	428	35.5
CG3	428	32.4
CI4	428	27
CI5	428	26.1
CK2	428	30.4
CL2	428	24.2
CM2	428	30.2
CN1	428	41.9
CP1	428	26.8
CQ4	428	33.3
CQ5	428	35
CB1	430	32.2
CE2	430	27.6
CE3	430	25.8
CG1	430	35.1
CG2	430	35.8
CG3	430	32.9
CI4	430	27.2
CI5	430	26.4
CK2	430	30.9
CL2	430	25
CM2	430	30.5
CN1	430	42.6
CP1	430	27.9
CQ4	430	34
CQ5	430	36
CB1	433	32.9
CE2	433	27.1
CE3	433	26.4
CG1	433	35.2
CG2	433	36.2
CG3	433	33.7
CI4	433	26.9
CI5	433	26.1
CK2	433	31
CL2	433	24.5
CM2	433	30.3
CN1	433	42
CP1	433	26.9
CQ4	433	32.7
CQ5	433	35
CB1	435	32.4
CE2	435	27.3
CE3	435	26.6
CG1	435	35
CG2	435	35.7
CG3	435	33
CI4	435	27.3
CI5	435	25.7
CK2	435	31.4
CL2	435	23.8
CM2	435	30
CN1	435	42.2
CP1	435	27
CQ4	435	33
CQ5	435	35.6
CB1	437	32.6
CE2	437	26.9
CE3	437	25.9
CG1	437	35.1
CG2	437	35.5
CG3	437	32.9
CI4	437	26.9
CI5	437	26
CK2	437	31.2
CL2	437	24.2
CM2	437	30.4
CN1	437	42.3
CP1	437	27
CQ4	437	33.1
CQ5	437	35.5
CB1	440	32.7
CE2	440	25.7
CE3	440	25.6
CG1	440	35.2
CG2	440	35.6
CG3	440	32.8
CI4	440	26.7
CI5	440	26.5
CK2	440	31.1
CL2	440	23.9
CM2	440	30.3
CN1	440	41.4
CP1	440	26.9
CQ4	440	33.3
CQ5	440	35.2
CB1	442	32
CE2	442	25.1
CE3	442	25.3
CG1	442	35.1
CG2	442	35.5
CG3	442	32.7
CI4	442	26.7
CI5	442	26.7
CK2	442	31
CL2	442	22.2
CM2	442	30.4
CN1	442	41.5
CP1	442	26.7
CQ4	442	33.2
CQ5	442	35.5
CB1	444	33.1
CE2	444	25
CE3	444	25.2
CG1	444	35.4
CG2	444	36.5
CG3	444	34.8
CI4	444	27
CI5	444	26.1
CK2	444	30.8
CL2	444	23.2
CM2	444	30.2
CN1	444	40.7
CP1	444	27.2
CQ4	444	33.9
CQ5	444	35.5
CB1	447	32.4
CE2	447	24.9
CE3	447	25.4
CG1	447	34.8
CG2	447	36.5
CG3	447	34.2
CI4	447	27
CI5	447	27.3
CK2	447	30.6
CL2	447	23.7
CM2	447	30.8
CN1	447	41.5
CP1	447	26.8
CQ4	447	33
CQ5	447	34.3
CB1	451	32
CE2	451	24.2
CE3	451	24.6
CG1	451	34.4
CG2	451	36.1
CG3	451	34.5
CI4	451	28
CI5	451	28.2
CK2	451	30.8
CL2	451	24.8
CM2	451	30.5
CN1	451	41
CP1	451	27.4
CQ4	451	33.4
CQ5	451	34.5
CB1	454	31.2
CE2	454	24.4
CG1	454	34.8
CG2	454	35.6
CG3	454	34.4
CI4	454	27.3
CI5	454	27.2
CK2	454	30.1
CL2	454	24.3
CM2	454	29.7
CN1	454	41.3
CP1	454	26.8
CQ4	454	32.2
CQ5	454	34.2
CB1	456	31.6
CE2	456	23.8
CG1	456	34.2
CG2	456	36
CG3	456	34.6
CI4	456	27.5
CI5	456	27.7
CK2	456	30.3
CL2	456	24.6
CM2	456	30
CN1	456	39.6
CP1	456	26.7
CQ4	456	33.2
CQ5	456	33.8
CB1	458	32.3
CG1	458	34.3
CG2	458	36.1
CG3	458	34.6
CI4	458	27.5
CI5	458	27.6
CK2	458	30.2
CL2	458	29
CM2	458	30
CN1	458	40.4
CP1	458	26.8
CQ4	458	33
CQ5	458	33.6
CB1	461	30.8
CG1	461	33.9
CG2	461	35
CG3	461	34
CI4	461	28.4
CI5	461	27.9
CK2	461	30.7
CL2	461	25.1
CM2	461	30
CN1	461	39.2
CP1	461	27.4
CQ4	461	32.8
CQ5	461	33.7
CB1	463	31.3
CG1	463	33.8
CG2	463	35.7
CG3	463	34.2
CI4	463	28.1
CI5	463	26.6
CK2	463	30.7
CL2	463	24.9
CM2	463	30.2
CN1	463	39.9
CP1	463	27.5
CQ4	463	32.9
CQ5	463	33.4
CB1	465	31.8
CG1	465	33.8
CG2	465	35.8
CG3	465	34
CI4	465	28
CI5	465	26.6
CK2	465	30.6
CL2	465	25
CM2	465	30.2
CN1	465	40
CP1	465	27.5
CQ4	465	33
CQ5	465	33.3
CB1	468	31.6
CG1	468	34.6
CG2	468	36.2
CG3	468	35
CI4	468	28
CI5	468	26.1
CK2	468	30.6
CL2	468	22.5
CM2	468	29.8
CN1	468	38.5
CP1	468	27.7
CQ4	468	32
CQ5	468	33.8
CB1	470	32.3
CG1	470	34.4
CG2	470	36
CG3	470	35.1
CI4	470	28.5
CI5	470	26.5
CK2	470	30.8
CM2	470	29.5
CN1	470	39.4
CP1	470	27.6
CQ4	470	31.4
CQ5	470	34
CB1	472	32.5
CG1	472	35.2
CG2	472	36.8
CG3	472	35.3
CI4	472	27.9
CI5	472	25.3
CK2	472	30.8
CM2	472	30.2
CN1	472	40
CP1	472	27.9
CQ4	472	33
CQ5	472	35
CB1	475	32
CG1	475	34.7
CG2	475	36.1
CG3	475	34.9
CI4	475	29
CI5	475	26
CK2	475	30.7
CM2	475	29.9
CN1	475	38.8
CP1	475	28.4
CQ4	475	32.5
CQ5	475	34.5
CB1	477	31.6
CG1	477	33.9
CG2	477	35.8
CG3	477	33.5
CI4	477	28.3
CI5	477	27.3
CK2	477	29.5
CM2	477	30.1
CN1	477	38.2
CP1	477	27.3
CQ4	477	31.8
CQ5	477	34.2
CB1	479	31.1
CG1	479	33.6
CG2	479	36
CG3	479	33.8
CI4	479	28.3
CI5	479	27.2
CK2	479	30.5
CM2	479	29.4
CN1	479	39.2
CP1	479	27.7
CQ4	479	31.8
CQ5	479	33.9
CB1	482	31.4
CG1	482	34.2
CG2	482	35.8
CG3	482	33.9
CI4	482	28.6
CI5	482	27.3
CK2	482	30.3
CM2	482	29
CN1	482	38
CP1	482	27.5
CQ4	482	30.5
CQ5	482	33.6
CB1	484	31.5
CG1	484	34.1
CG2	484	36.8
CG3	484	33.8
CI4	484	28.5
CI5	484	27.1
CK2	484	31.1
CM2	484	30.2
CN1	484	38.8
CP1	484	27.5
CQ4	484	30.9
CQ5	484	33.6
CB1	486	31.3
CG1	486	35.3
CG2	486	37.8
CG3	486	34.6
CI4	486	28.9
CI5	486	28
CK2	486	31
CM2	486	30
CN1	486	39.8
CP1	486	27.1
CQ4	486	31.2
CQ5	486	34.3
CB1	489	31
CG1	489	35.2
CG2	489	37.6
CG3	489	34.4
CI4	489	29
CI5	489	28.1
CK2	489	31
CM2	489	30
CN1	489	38.8
CP1	489	27
CQ4	489	31.1
CQ5	489	34.1
CB1	491	31
CG1	491	35.5
CG2	491	37.6
CG3	491	34.6
CI4	491	29.1
CI5	491	28
CK2	491	31.1
CM2	491	30
CN1	491	37
CP1	491	27.5
CQ4	491	30.7
CQ5	491	32.8
CB1	493	31.5
CG1	493	34.8
CG2	493	36.9
CG3	493	34.5
CI4	493	29.4
CI5	493	27.3
CK2	493	30.6
CM2	493	30.5
CP1	493	28.4
CQ4	493	31
CQ5	493	33.3
CB1	496	30.9
CG1	496	35.3
CG2	496	35
CG3	496	35
CI4	496	28.7
CI5	496	25.7
CK2	496	31
CM2	496	29.6
CP1	496	27.7
CQ4	496	30.8
CQ5	496	33.9
CB1	498	30
CG1	498	35.1
CG2	498	35
CG3	498	35
CI4	498	28.9
CI5	498	26.2
CK2	498	31.1
CM2	498	29.9
CP1	498	27.5
CQ4	498	30.9
CQ5	498	33
CG1	503	36.6
CG2	503	36
CG3	503	35.1
CI4	503	27.8
CI5	503	26.8
CK2	503	30.7
CM2	503	30.7
CP1	503	27.9
CQ5	503	32.7
CG1	505	36.5
CG2	505	36
CG3	505	35.1
CI4	505	27.6
CI5	505	26.9
CK2	505	30.6
CM2	505	30.5
CP1	505	28
CQ5	505	32
CG1	507	36.1
CG2	507	35.5
CG3	507	34.9
CI4	507	29.2
CI5	507	26.8
CK2	507	31.1
CM2	507	29.9
CP1	507	28.2
CQ5	507	31.5
CG1	510	35.7
CG2	510	36.2
CG3	510	34.7
CI4	510	28.8
CI5	510	26.2
CK2	510	30.9
CM2	510	30.4
CP1	510	27.8
CQ5	510	31.4
CG1	512	35.6
CG2	512	36
CG3	512	34.7
CI4	512	28.6
CI5	512	26
CK2	512	31
CM2	512	30.2
CP1	512	27.6
CQ5	512	31.4
CG1	514	35.5
CG2	514	35.7
CG3	514	34.8
CI4	514	30.1
CI5	514	26.4
CK2	514	30.2
CM2	514	30.2
CP1	514	27.7
CQ5	514	32.1
CG1	517	35.9
CG2	517	35.7
CG3	517	35
CI4	517	29.6
CI5	517	26
CK2	517	30.2
CM2	517	30.6
CP1	517	27.1
CQ5	517	32
CG1	519	36.1
CG2	519	35.7
CG3	519	35.2
CI4	519	29.7
CI5	519	26
CK2	519	30
CM2	519	30.9
CP1	519	27.5
CQ5	519	32
CG1	521	35.6
CG2	521	35.6
CG3	521	34.7
CI4	521	29.9
CI5	521	26.4
CK2	521	30.4
CM2	521	30.4
CP1	521	28
CQ5	521	32.3
CG1	524	36.2
CG2	524	36.2
CG3	524	35.3
CI4	524	29.9
CI5	524	26.2
CK2	524	29.4
CM2	524	30.8
CP1	524	27.7
CQ5	524	32.6
CG1	526	36.2
CG2	526	36.1
CG3	526	35.4
CI4	526	29.9
CI5	526	26.1
CK2	526	29.3
CM2	526	30.7
CP1	526	27.5
CQ5	526	32.5
CG1	531	35.8
CG2	531	35
CG3	531	35.1
CI4	531	29.7
CI5	531	27
CK2	531	30.2
CM2	531	30.1
CP1	531	27.4
CQ5	531	32.1
CG1	533	35.8
CG2	533	34.9
CG3	533	34.6
CI4	533	30.1
CI5	533	26.6
CK2	533	30
CM2	533	29.6
CP1	533	28
CQ5	533	32.8
CG1	535	36.2
CG2	535	35.5
CG3	535	35.2
CI4	535	30.9
CI5	535	27
CK2	535	30.6
CM2	535	29.6
CP1	535	28.4
CQ5	535	33.3
CG1	538	35.6
CG2	538	35.2
CG3	538	35.2
CI4	538	30.8
CI5	538	26.8
CK2	538	30.4
CM2	538	29.2
CP1	538	28.4
CQ5	538	32.6
CG1	540	35.4
CG2	540	35.3
CG3	540	35.1
CI4	540	30.9
CI5	540	27
CK2	540	30.3
CM2	540	30
CP1	540	28.8
CQ5	540	32.8
CG1	542	36
CG2	542	35.9
CG3	542	35.4
CI4	542	30.9
CI5	542	26.7
CK2	542	30.1
CM2	542	30.2
CP1	542	28.8
CQ5	542	32.4
CG1	545	36.2
CG2	545	36
CG3	545	35.4
CI4	545	30.8
CI5	545	26.6
CK2	545	30
CM2	545	30
CP1	545	28.6
CQ5	545	32.9
CG1	547	34.5
CG2	547	35.9
CG3	547	35
CI4	547	31.5
CI5	547	26.8
CK2	547	30.3
CM2	547	29.5
CP1	547	28.9
CQ5	547	32.8
CG1	550	34.4
CG2	550	36
CG3	550	35
CI4	550	31.3
CI5	550	26.8
CK2	550	30.3
CM2	550	29
CP1	550	29
CQ5	550	32.5
CG1	554	35.4
CG2	554	37
CG3	554	35.5
CI4	554	32
CI5	554	26.8
CK2	554	30
CM2	554	29.1
CP1	554	29
CQ5	554	31.3
CG1	556	35.5
CG2	556	37.6
CG3	556	36.1
CI4	556	31.9
CI5	556	26.9
CK2	556	29.8
CM2	556	29.6
CP1	556	29.6
CQ5	556	31.7
CG1	559	35
CG2	559	35.6
CG3	559	35.2
CI4	559	32.5
CI5	559	26.9
CK2	559	30.2
CM2	559	29.9
CP1	559	29
CQ5	559	31.9
CG1	561	34.8
CG2	561	35.7
CG3	561	35.2
CI4	561	32.8
CI5	561	26.8
CK2	561	30.2
CM2	561	30
CP1	561	28.9
CQ5	561	32
CG1	563	35.3
CG2	563	35.5
CG3	563	35.3
CI5	563	27.3
CK2	563	29.4
CM2	563	29.5
CP1	563	29.5
CQ5	563	31
CG1	566	35
CG2	566	35.3
CG3	566	35.3
CI5	566	27.1
CK2	566	29.1
CM2	566	29.3
CP1	566	29.8
CQ5	566	30.9
CG1	568	35.4
CG2	568	37.3
CG3	568	35.3
CI5	568	26.5
CK2	568	30.3
CM2	568	29.4
CP1	568	29.6
CQ5	568	29.6
CG1	570	35.8
CG2	570	37.2
CG3	570	34.7
CI5	570	26.4
CK2	570	30.1
CM2	570	30.1
CP1	570	30.2
CG1	573	34.6
CG2	573	36.2
CG3	573	34
CI5	573	26.3
CK2	573	29.5
CM2	573	28.9
CP1	573	29.6
CG1	575	34.4
CG2	575	35.9
CG3	575	33.8
CI5	575	26.1
CK2	575	29.3
CM2	575	28.7
CP1	575	29.2
CG1	577	34.9
CG2	577	35.3
CG3	577	33.3
CI5	577	26.4
CK2	577	29.4
CM2	577	29.2
CP1	577	29.9
CG1	580	35.5
CG2	580	36.2
CG3	580	33.6
CI5	580	26.2
CK2	580	28.9
CM2	580	28.7
CP1	580	30.3
CG1	582	35.4
CG2	582	36
CG3	582	33.6
CI5	582	26.7
CK2	582	29
CM2	582	27.4
CP1	582	30
CG1	584	35.5
CG2	584	36
CG3	584	34.3
CI5	584	26.6
CK2	584	30.5
CM2	584	28.6
CP1	584	30.6
CG1	587	35.5
CG2	587	36
CG3	587	34.2
CI5	587	26.5
CK2	587	30.6
CM2	587	28.8
CP1	587	30.9
CG1	589	34.2
CG2	589	35.2
CG3	589	32.8
CI5	589	27.2
CK2	589	29.9
CM2	589	28.1
CP1	589	29.5
CG1	591	34.1
CG2	591	35.3
CG3	591	32.2
CI5	591	27.4
CK2	591	30
CM2	591	28
CP1	591	29.1
CG1	594	34.3
CG2	594	35.1
CG3	594	33.4
CI5	594	26.9
CK2	594	29.8
CM2	594	28.2
CP1	594	30.4
CG1	596	34.5
CG2	596	35
CG3	596	33
CI5	596	26.7
CK2	596	29.8
CM2	596	28.5
CP1	596	30.4
CG1	598	35
CG2	598	36
CG3	598	33.4
CI5	598	27.1
CK2	598	29.7
CM2	598	28.4
CP1	598	30.2
CG1	602	34.1
CG2	602	36.2
CG3	602	33.8
CI5	602	26.5
CK2	602	28.9
CM2	602	27.8
CP1	602	29.9
