amplicon	strand	p_value	editing_unsorted	editing_untreated	difference
chr10_132887513-132887740	+	0.6900329923318155	0.005040579187722776	0.005626230368088197	-5.856511803654218e-4
chr11_15710664-15710823	-	0.23659783571068033	0.004229567212840424	0.0036597795454033893	5.697876674370349e-4
chr11_3938398-3938568	-	0.3227180868518831	0.0045799866147118486	0.0042069157214155535	3.730708932962951e-4
chr11_60615875-60616034	-	0.3979962958175166	0.004863968966155671	0.004733121563796538	1.308474023591329e-4
chr12_117452896-117453078	+	0.8922068370837748	0.0032111004470401234	0.004973730846012167	-0.001762630398972044
chr12_122502982-122503164	-	0.03185184360616329	0.00871516223985957	0.005829133482473532	0.002886028757386038
chr12_133199694-133199883	-	0.6449089542278492	0.005164195230054209	0.005443650699999233	-2.794554699450235e-4
chr12_3311817-3312020	-	0.9398419034148393	0.005992581501632411	0.00859957237946521	-0.0026069908778327995
chr12_43070476-43070668	-	0.82991081556439406	0.003934609542793883	0.005391885046140365	-0.0014572755033464817
chr12_95232437-95232602	-	0.20061600763900647	0.005881909505024192	0.0054568952328343245	4.2501427218986747e-4
chr14_92955814-92955983	-	0.8530430764153759	0.005645403506840708	0.006663965831261365	-0.0010185623244206576
chr15_28008753-28008910	+	0.8657705978958352	0.003838799139096175	0.005093413138050375	-0.0012546139989541997
chr15_78984224-78984415	-	0.6191696996907633	0.006286130125852804	0.006413341982352152	-1.2721185649934835e-4
chr15_86628542-86628724	-	0.8437108280692529	0.004463436357812612	0.005032639266975762	-5.692029091631497e-4
chr15_89124512-89124687	-	0.8301796836340775	0.005323661455250723	0.006232097506021843	-9.084360507711203e-4
chr16_3515802-3515970	+	0.5998970324518755	0.00540893555335161	0.005580717594473407	-1.717820411217966e-4
chr16_545175-545416	+	0.9425670129048972	0.0067534875110202355	0.008201820146561158	-0.001448332635540922
chr17_18914340-18914505	+	0.6653051587809978	0.005132392440519069	0.005492297830201212	-3.599053896821431e-4
chr17_2031349-2031574	+	0.8212955266757096	0.004217645013042676	0.005400982099362758	-0.0011833370863200817
chr17_27228227-27228403	+	0.16201172908920133	0.0024780016904886086	0.0012004801920768306	0.001277521498411778
chr17_40220117-40220303	-	0.3176333122863801	0.005053133752668525	0.004709609963880736	3.435237887877895e-4
chr17_40847661-40847818	-	0.1775475999560043	0.0061996961330605905	0.0053776913170621825	8.22004815998408e-4
chr17_45005333-45005512	-	0.20273589419049018	0.004976468183433438	0.003983289164393224	9.931790190402141e-4
chr17_52382550-52382778	-	0.365209868334777	0.0042427847508563115	0.004007901827755856	2.3488292310045508e-4
chr17_61511269-61511475	-	0.31572361781334896	0.003727090072761826	0.0030329173139246666	6.941727588371592e-4
chr17_76300934-76301163	-	0.2908593708694873	0.005242335713652385	0.00488498054996659	3.573551636857951e-4
chr17_77652091-77652331	-	0.5990551470600243	0.005305579193002513	0.005412356127077314	-1.0677693407480128e-4
chr18_11041813-11042050	-	0.2844775868501792	0.0029938720733694913	0.0026910340352098733	3.02838038159618e-4
chr18_29580811-29580990	+	0.30479226587428554	0.005583726305206497	0.004956906448656051	6.268198565504458e-4
chr18_49218685-49218869	-	0.5092000200504246	0.004115091610688578	0.004127459776347176	-1.2368165658597531e-5
chr18_74171030-74171264	-	0.41209929608760676	0.004363152957701781	0.004145340156853411	2.1781280084836978e-4
chr19_1392927-1393124	-	0.6377698791212341	0.005210265897363301	0.0070310083703147026	-0.0018207424729514013
chr19_55951987-55952150	+	0.6985668950727519	0.005992776166014775	0.008433047052171802	-0.0024402708861570276
chr1_111032325-111032499	-	0.26362002466212797	0.005655168424889072	0.005051280026322241	6.038883985668309e-4
chr1_18484952-18485140	-	0.029449422706233967	0.003956018827300434	0.0028416597839565913	0.001114359043343843
chr1_198946376-198946549	+	0.12955968083702776	0.004720314788750118	0.004193090073963505	5.272247147866133e-4
chr1_2045336-2045540	-	0.3204130301095601	0.005630004093529925	0.005261604385415427	3.683997081144986e-4
chr1_209423825-209424003	-	0.3500312320789774	0.0037535051227310474	0.003550060122387186	2.0344500034386124e-4
chr1_210794357-210794520	-	0.3248420935523648	0.0017615791979827093	0.001742679154135338	1.8900043847371343e-5
chr1_27293403-27293618	-	0.22175814142637276	0.004068530466042565	0.0036098896317983483	4.586408342442164e-4
chr20_1797181-1797350	+	0.8712137102093782	0.0036928989599275615	0.004069233811779491	-3.763348518519296e-4
chr20_2127723-2127883	+	0.5974256758627248	0.003803501442510167	0.0039300989726045975	-1.2659753009443058e-4
chr20_29938364-29938551	-	0.013196223734071755	0.0039334307945396545	0.002880630938077376	0.0010527998564622784
chr20_4679914-4680144	+	6.070287001345191e-4	0.45119566578963927	0.006086666577873037	0.4451089992117662
chr20_49574726-49574919	+	0.41406955978783977	0.027423615931485023	0.027010489690514696	4.131262409703268e-4
chr20_60983847-60984033	-	0.1006851466676263	0.009787824364858273	0.006779661032654088	0.0030081633322041846
chr21_46153848-46154025	+	0.41802606679431387	0.0038170632818146587	0.0036526958969851538	1.6436738482950497e-4
chr22_20194212-20194370	+	0.8999100392327025	0.0044112957935719945	0.00805126596638888	-0.003639970172816886
chr2_20345637-20345817	+	0.12239224596929608	0.004966122937672241	0.004452128650175936	5.139942874963048e-4
chr2_46183067-46183251	-	0.33917645716876277	0.005861635831879984	0.005673172087261079	1.8846374461890456e-4
chr2_62677834-62677999	-	0.7389544802995934	0.004277840215010779	0.004616256845710803	-3.384166307000237e-4
chr2_8767938-8768155	+	0.025890069986395325	0.005190912553337967	0.004277568883043427	9.1334367029454e-4
chr3_135161839-135162011	+	0.624457651925377	0.0340985956572927	0.03440658156212489	-3.079859048321851e-4
chr3_138856671-138856838	+	0.6997014706803335	0.0041888165043858505	0.004544370477588857	-3.5555397320300667e-4
chr3_51567611-51567789	-	0.13899249320276985	0.004328344307057707	0.003543203013953459	7.85141293104248e-4
chr3_58000289-58000461	+	0.9664043494593838	0.0037812422438491767	0.004205173579204765	-4.2393133535558857e-4
chr4_41937355-41937562	+	0.4867005527213405	0.0051700859653451585	0.005144270392324711	2.5815573020447277e-5
chr4_53991751-53991928	+	0.055190511514641855	0.0028687221188561144	0.0017705081480903087	0.0010982139707658056
chr4_57518391-57518626	-	0.9565662776206996	0.0028815632272977515	0.004650380922461926	-0.0017688176951641747
chr4_89348665-89348846	+	0.3816178705593439	0.0035343782295914465	0.003450072911302342	8.43053182891045e-5
chr5_132669275-132669500	+	0.42790932650796243	0.0047947869198032315	0.004749653762801238	4.5133157001993156e-5
chr5_133797239-133797427	-	0.09593221655978028	0.0038562619129846897	0.0032791189839837575	5.771429290009323e-4
chr5_138539677-138539845	-	0.6777790368483859	0.0020673231045471056	0.0022797855063800463	-2.124624018329407e-4
chr5_141663730-141663922	-	0.738577169909765	0.0031211146007286794	0.004161122181651196	-0.001040007580922517
chr5_26626507-26626741	+	0.70149620706509	0.004222665366507595	0.004585648984671131	-3.6298361816353673e-4
chr5_52995203-52995396	+	0.5761493043192044	0.003621910584000356	0.00371643093230202	-9.452034830166383e-5
chr5_87692274-87692444	+	0.22926921386510823	0.0031078219429210656	0.002843714689844477	2.6410725307658874e-4
chr6_168386807-168386968	-	0.9051094959207894	0.004907551381947731	0.007012633669526956	-0.0021050822875792255
chr7_143079937-143080109	-	0.12702122200340613	0.005067955419537898	0.0038398998248835503	0.001228055594654348
chr7_158897806-158897987	-	0.7716165531046466	0.00490515269138516	0.005497314332565501	-5.921616411803405e-4
chr7_32459188-32459357	-	0.14014883036391906	0.005776191484586929	0.004913823560978813	8.623679236081155e-4
chr7_8160433-8160630	+	0.14782149416923573	0.005080785128863974	0.004272101155512287	8.086839733516876e-4
chr8_48995772-48995937	+	0.065691779532132	0.004003673781366648	0.003270739645562259	7.329341358043888e-4
chr8_49242497-49242667	-	0.10163386725902342	0.00686240378025855	0.0057819852817833205	0.0010804184984752295
chr8_5599740-5599908	-	0.9724648856666543	0.0037338608034062836	0.005207932730387786	-0.0014740719269815024
chrX_111465984-111466148	-	0.0690612631827549	0.004026064843910558	0.0035246068137625678	5.014580301479902e-4
