amplicon	strand	treatment	sample	numerator	denominator	edited
chr10_13306458-13306639	+	BE3.9max	PRNP-CG1-M-600dpi_S6	56	11770	0.0047578589634664405
chr10_13306458-13306639	+	BE3.9max	PRNP-CG2-M-600dpi_S7	38	9867	0.0038512212425255905
chr10_13306458-13306639	+	BE3.9max	PRNP-CG3-M-600dpi_S8	56	10923	0.005126796667582166
chr10_13306458-13306639	+	BE3.9max	PRNP-CI4-F-600dpi_S9	52	11753	0.004424402280268867
chr10_13306458-13306639	+	BE3.9max	PRNP-CI5-F-600dpi_S10	63	11773	0.005351227384693791
chr10_13306458-13306639	+	none	PRNP-75204-1-F-600dpi_S1	41	10606	0.0038657363756364324
chr10_13306458-13306639	+	none	PRNP-76261-3-M-600dpi_S2	38	9567	0.003971987038779137
chr10_13306458-13306639	+	none	PRNP-78546-2-M-600dpi_S3	45	10752	0.004185267857142857
chr10_13306458-13306639	+	none	PRNP-88849-3-M-600dpi_S4	44	9680	0.004545454545454545
chr10_13306458-13306639	+	none	PRNP-88850-1-F-600dpi_S5	59	9783	0.006030869876316058
chr10_43494250-43494415	+	BE3.9max	PRNP-CG1-M-600dpi_S6	11	2928	0.003756830601092896
chr10_43494250-43494415	+	BE3.9max	PRNP-CG2-M-600dpi_S7	8	2839	0.0028178936245156746
chr10_43494250-43494415	+	BE3.9max	PRNP-CG3-M-600dpi_S8	10	3109	0.0032164683177870698
chr10_43494250-43494415	+	BE3.9max	PRNP-CI4-F-600dpi_S9	18	3389	0.005311301268810859
chr10_43494250-43494415	+	BE3.9max	PRNP-CI5-F-600dpi_S10	16	3295	0.004855842185128983
chr10_43494250-43494415	+	none	PRNP-75204-1-F-600dpi_S1	11	2944	0.003736413043478261
chr10_43494250-43494415	+	none	PRNP-76261-3-M-600dpi_S2	12	2593	0.004627844195912071
chr10_43494250-43494415	+	none	PRNP-78546-2-M-600dpi_S3	10	3106	0.003219575016097875
chr10_43494250-43494415	+	none	PRNP-88849-3-M-600dpi_S4	7	2732	0.002562225475841874
chr10_43494250-43494415	+	none	PRNP-88850-1-F-600dpi_S5	13	2668	0.004872563718140929
chr10_50895127-50895356	+	BE3.9max	PRNP-CG1-M-600dpi_S6	14	2826	0.004953998584571833
chr10_50895127-50895356	+	BE3.9max	PRNP-CG2-M-600dpi_S7	9	1765	0.0050991501416430595
chr10_50895127-50895356	+	BE3.9max	PRNP-CG3-M-600dpi_S8	8	2728	0.002932551319648094
chr10_50895127-50895356	+	BE3.9max	PRNP-CI4-F-600dpi_S9	12	3046	0.003939592908732764
chr10_50895127-50895356	+	BE3.9max	PRNP-CI5-F-600dpi_S10	9	2246	0.004007123775601068
chr10_50895127-50895356	+	none	PRNP-75204-1-F-600dpi_S1	0	132	0
chr10_50895127-50895356	+	none	PRNP-76261-3-M-600dpi_S2	10	1457	0.0068634179821551134
chr10_50895127-50895356	+	none	PRNP-78546-2-M-600dpi_S3	3	530	0.005660377358490566
chr10_50895127-50895356	+	none	PRNP-88849-3-M-600dpi_S4	0	106	0
chr10_6119668-6119902	-	BE3.9max	PRNP-CG1-M-600dpi_S6	7	2772	0.0025252525252525255
chr10_6119668-6119902	-	BE3.9max	PRNP-CG2-M-600dpi_S7	7	2795	0.0025044722719141325
chr10_6119668-6119902	-	BE3.9max	PRNP-CG3-M-600dpi_S8	7	2529	0.00276789244760775
chr10_6119668-6119902	-	BE3.9max	PRNP-CI4-F-600dpi_S9	16	2330	0.0068669527896995704
chr10_6119668-6119902	-	BE3.9max	PRNP-CI5-F-600dpi_S10	12	2879	0.004168113928447377
chr10_6119668-6119902	-	none	PRNP-75204-1-F-600dpi_S1	10	3074	0.0032530904359141183
chr10_6119668-6119902	-	none	PRNP-76261-3-M-600dpi_S2	9	3254	0.0027658266748617085
chr10_6119668-6119902	-	none	PRNP-78546-2-M-600dpi_S3	11	3420	0.003216374269005848
chr10_6119668-6119902	-	none	PRNP-88849-3-M-600dpi_S4	7	3405	0.0020558002936857563
chr10_6119668-6119902	-	none	PRNP-88850-1-F-600dpi_S5	16	3692	0.004333694474539545
chr10_79720035-79720254	+	BE3.9max	PRNP-CG1-M-600dpi_S6	10	4176	0.0023946360153256703
chr10_79720035-79720254	+	BE3.9max	PRNP-CG2-M-600dpi_S7	4	4634	8.631851532153647e-4
chr10_79720035-79720254	+	BE3.9max	PRNP-CG3-M-600dpi_S8	11	4067	0.0027046963363658717
chr10_79720035-79720254	+	BE3.9max	PRNP-CI4-F-600dpi_S9	7	4590	0.0015250544662309367
chr10_79720035-79720254	+	BE3.9max	PRNP-CI5-F-600dpi_S10	7	4166	0.0016802688430148825
chr10_79720035-79720254	+	none	PRNP-75204-1-F-600dpi_S1	6	3697	0.0016229375169055991
chr10_79720035-79720254	+	none	PRNP-76261-3-M-600dpi_S2	10	3872	0.0025826446280991736
chr10_79720035-79720254	+	none	PRNP-78546-2-M-600dpi_S3	13	4652	0.0027944969905417025
chr10_79720035-79720254	+	none	PRNP-88849-3-M-600dpi_S4	9	3656	0.002461706783369803
chr10_79720035-79720254	+	none	PRNP-88850-1-F-600dpi_S5	8	3880	0.002061855670103093
chr11_103829451-103829633	+	BE3.9max	PRNP-CG1-M-600dpi_S6	56	12196	0.0045916693998032145
chr11_103829451-103829633	+	BE3.9max	PRNP-CG2-M-600dpi_S7	46	10403	0.004421801403441315
chr11_103829451-103829633	+	BE3.9max	PRNP-CG3-M-600dpi_S8	51	11542	0.004418644948882343
chr11_103829451-103829633	+	BE3.9max	PRNP-CI4-F-600dpi_S9	51	12362	0.0041255460281507846
chr11_103829451-103829633	+	BE3.9max	PRNP-CI5-F-600dpi_S10	47	12176	0.003860052562417871
chr11_103829451-103829633	+	none	PRNP-75204-1-F-600dpi_S1	40	10771	0.0037136756104354284
chr11_103829451-103829633	+	none	PRNP-76261-3-M-600dpi_S2	33	10099	0.003267650262402218
chr11_103829451-103829633	+	none	PRNP-78546-2-M-600dpi_S3	41	11380	0.003602811950790861
chr11_103829451-103829633	+	none	PRNP-88849-3-M-600dpi_S4	48	10543	0.004552783837617377
chr11_103829451-103829633	+	none	PRNP-88850-1-F-600dpi_S5	50	11100	0.0045045045045045045
chr11_113573551-113573732	+	BE3.9max	PRNP-CG1-M-600dpi_S6	121	10628	0.011385020700037636
chr11_113573551-113573732	+	BE3.9max	PRNP-CG2-M-600dpi_S7	134	9215	0.01454150841020076
chr11_113573551-113573732	+	BE3.9max	PRNP-CG3-M-600dpi_S8	221	10252	0.021556769410846666
chr11_113573551-113573732	+	BE3.9max	PRNP-CI4-F-600dpi_S9	162	11097	0.014598540145985401
chr11_113573551-113573732	+	BE3.9max	PRNP-CI5-F-600dpi_S10	152	10088	0.01506740681998414
chr11_113573551-113573732	+	none	PRNP-75204-1-F-600dpi_S1	55	9225	0.005962059620596206
chr11_113573551-113573732	+	none	PRNP-76261-3-M-600dpi_S2	61	8794	0.0069365476461223565
chr11_113573551-113573732	+	none	PRNP-78546-2-M-600dpi_S3	64	9767	0.0065526773830244705
chr11_113573551-113573732	+	none	PRNP-88849-3-M-600dpi_S4	62	8907	0.006960817334680588
chr11_113573551-113573732	+	none	PRNP-88850-1-F-600dpi_S5	54	8642	0.006248553575561213
chr11_30184706-30184927	+	BE3.9max	PRNP-CG1-M-600dpi_S6	40	8955	0.00446677833612507
chr11_30184706-30184927	+	BE3.9max	PRNP-CG2-M-600dpi_S7	32	8148	0.0039273441335297005
chr11_30184706-30184927	+	BE3.9max	PRNP-CG3-M-600dpi_S8	33	7680	0.004296875
chr11_30184706-30184927	+	BE3.9max	PRNP-CI4-F-600dpi_S9	33	7615	0.004333552199606041
chr11_30184706-30184927	+	BE3.9max	PRNP-CI5-F-600dpi_S10	46	8727	0.005270998052022459
chr11_30184706-30184927	+	none	PRNP-75204-1-F-600dpi_S1	33	8380	0.003937947494033413
chr11_30184706-30184927	+	none	PRNP-76261-3-M-600dpi_S2	27	8287	0.003258115120067576
chr11_30184706-30184927	+	none	PRNP-78546-2-M-600dpi_S3	28	8475	0.003303834808259587
chr11_30184706-30184927	+	none	PRNP-88849-3-M-600dpi_S4	44	8201	0.005365199365930984
chr11_30184706-30184927	+	none	PRNP-88850-1-F-600dpi_S5	42	8507	0.004937110614787822
chr11_52420389-52420626	-	BE3.9max	PRNP-CG1-M-600dpi_S6	33	6121	0.005391275935304689
chr11_52420389-52420626	-	BE3.9max	PRNP-CG2-M-600dpi_S7	35	5747	0.0060901339829476245
chr11_52420389-52420626	-	BE3.9max	PRNP-CG3-M-600dpi_S8	26	5410	0.004805914972273568
chr11_52420389-52420626	-	BE3.9max	PRNP-CI4-F-600dpi_S9	28	5212	0.005372217958557176
chr11_52420389-52420626	-	BE3.9max	PRNP-CI5-F-600dpi_S10	32	5483	0.00583622104687215
chr11_52420389-52420626	-	none	PRNP-75204-1-F-600dpi_S1	29	5740	0.005052264808362369
chr11_52420389-52420626	-	none	PRNP-76261-3-M-600dpi_S2	33	6317	0.005223998733576065
chr11_52420389-52420626	-	none	PRNP-78546-2-M-600dpi_S3	46	6423	0.007161762416316363
chr11_52420389-52420626	-	none	PRNP-88849-3-M-600dpi_S4	29	6269	0.004625937151060775
chr11_52420389-52420626	-	none	PRNP-88850-1-F-600dpi_S5	41	6563	0.0062471430748133475
chr11_5261227-5261385	+	BE3.9max	PRNP-CG1-M-600dpi_S6	13	1627	0.007990165949600492
chr11_5261227-5261385	+	BE3.9max	PRNP-CG2-M-600dpi_S7	2	676	0.0029585798816568047
chr11_5261227-5261385	+	BE3.9max	PRNP-CG3-M-600dpi_S8	10	1978	0.005055611729019211
chr11_5261227-5261385	+	BE3.9max	PRNP-CI4-F-600dpi_S9	27	3413	0.007910928801640784
chr11_5261227-5261385	+	BE3.9max	PRNP-CI5-F-600dpi_S10	10	2058	0.004859086491739553
chr11_5261227-5261385	+	none	PRNP-75204-1-F-600dpi_S1	6	731	0.008207934336525308
chr11_5261227-5261385	+	none	PRNP-76261-3-M-600dpi_S2	0	372	0
chr11_5261227-5261385	+	none	PRNP-78546-2-M-600dpi_S3	2	545	0.003669724770642202
chr11_5261227-5261385	+	none	PRNP-88849-3-M-600dpi_S4	3	341	0.008797653958944282
chr11_5261227-5261385	+	none	PRNP-88850-1-F-600dpi_S5	0	323	0
chr11_53055472-53055684	+	BE3.9max	PRNP-CG1-M-600dpi_S6	53	9736	0.005443714050944947
chr11_53055472-53055684	+	BE3.9max	PRNP-CG2-M-600dpi_S7	48	9522	0.005040957781978576
chr11_53055472-53055684	+	BE3.9max	PRNP-CG3-M-600dpi_S8	46	8515	0.00540223135642983
chr11_53055472-53055684	+	BE3.9max	PRNP-CI4-F-600dpi_S9	54	8826	0.006118286879673691
chr11_53055472-53055684	+	BE3.9max	PRNP-CI5-F-600dpi_S10	46	8451	0.005443142823334517
chr11_53055472-53055684	+	none	PRNP-75204-1-F-600dpi_S1	42	8365	0.00502092050209205
chr11_53055472-53055684	+	none	PRNP-76261-3-M-600dpi_S2	55	9423	0.005836782341080335
chr11_53055472-53055684	+	none	PRNP-78546-2-M-600dpi_S3	55	9211	0.005971121485180762
chr11_53055472-53055684	+	none	PRNP-88849-3-M-600dpi_S4	41	8512	0.00481672932330827
chr11_53055472-53055684	+	none	PRNP-88850-1-F-600dpi_S5	52	9281	0.0056028445210645405
chr11_71871185-71871353	+	BE3.9max	PRNP-CG1-M-600dpi_S6	105	17549	0.005983246908655764
chr11_71871185-71871353	+	BE3.9max	PRNP-CG2-M-600dpi_S7	98	15335	0.006390609716335181
chr11_71871185-71871353	+	BE3.9max	PRNP-CG3-M-600dpi_S8	114	17656	0.006456728590847304
chr11_71871185-71871353	+	BE3.9max	PRNP-CI4-F-600dpi_S9	121	19883	0.006085600764472162
chr11_71871185-71871353	+	BE3.9max	PRNP-CI5-F-600dpi_S10	110	18558	0.005927362862377411
chr11_71871185-71871353	+	none	PRNP-75204-1-F-600dpi_S1	85	15716	0.005408500890811911
chr11_71871185-71871353	+	none	PRNP-76261-3-M-600dpi_S2	88	14292	0.0061572907920514975
chr11_71871185-71871353	+	none	PRNP-78546-2-M-600dpi_S3	98	16633	0.005891901641315457
chr11_71871185-71871353	+	none	PRNP-88849-3-M-600dpi_S4	79	14592	0.005413925438596492
chr11_71871185-71871353	+	none	PRNP-88850-1-F-600dpi_S5	73	12949	0.005637500965325508
chr12_100442589-100442788	-	BE3.9max	PRNP-CG1-M-600dpi_S6	28	9721	0.002880362102664335
chr12_100442589-100442788	-	BE3.9max	PRNP-CG2-M-600dpi_S7	46	9780	0.004703476482617587
chr12_100442589-100442788	-	BE3.9max	PRNP-CG3-M-600dpi_S8	38	10130	0.003751233958538993
chr12_100442589-100442788	-	BE3.9max	PRNP-CI4-F-600dpi_S9	45	9927	0.004533091568449683
chr12_100442589-100442788	-	BE3.9max	PRNP-CI5-F-600dpi_S10	41	10094	0.004061818902318209
chr12_100442589-100442788	-	none	PRNP-75204-1-F-600dpi_S1	25	8679	0.002880516188500979
chr12_100442589-100442788	-	none	PRNP-76261-3-M-600dpi_S2	17	8861	0.0019185193544746643
chr12_100442589-100442788	-	none	PRNP-78546-2-M-600dpi_S3	39	9732	0.004007398273736128
chr12_100442589-100442788	-	none	PRNP-88849-3-M-600dpi_S4	32	8696	0.0036798528058877645
chr12_100442589-100442788	-	none	PRNP-88850-1-F-600dpi_S5	29	9440	0.003072033898305085
chr12_111466032-111466188	+	BE3.9max	PRNP-CG1-M-600dpi_S6	45	11851	0.0037971479200067503
chr12_111466032-111466188	+	BE3.9max	PRNP-CG2-M-600dpi_S7	35	10054	0.003481201511836085
chr12_111466032-111466188	+	BE3.9max	PRNP-CG3-M-600dpi_S8	43	11471	0.0037485833841862087
chr12_111466032-111466188	+	BE3.9max	PRNP-CI4-F-600dpi_S9	56	13991	0.004002573082696019
chr12_111466032-111466188	+	BE3.9max	PRNP-CI5-F-600dpi_S10	43	12573	0.0034200270420742863
chr12_111466032-111466188	+	none	PRNP-75204-1-F-600dpi_S1	35	10935	0.003200731595793324
chr12_111466032-111466188	+	none	PRNP-76261-3-M-600dpi_S2	41	9960	0.004116465863453815
chr12_111466032-111466188	+	none	PRNP-78546-2-M-600dpi_S3	37	11044	0.0033502354219485694
chr12_111466032-111466188	+	none	PRNP-88849-3-M-600dpi_S4	36	9740	0.003696098562628337
chr12_111466032-111466188	+	none	PRNP-88850-1-F-600dpi_S5	49	9808	0.004995921696574225
chr13_101231637-101231880	+	BE3.9max	PRNP-CG1-M-600dpi_S6	52	14506	0.0035847235626637252
chr13_101231637-101231880	+	BE3.9max	PRNP-CG2-M-600dpi_S7	49	13561	0.003613302853771846
chr13_101231637-101231880	+	BE3.9max	PRNP-CG3-M-600dpi_S8	57	11907	0.004787100025195263
chr13_101231637-101231880	+	BE3.9max	PRNP-CI4-F-600dpi_S9	42	12182	0.003447709735675587
chr13_101231637-101231880	+	BE3.9max	PRNP-CI5-F-600dpi_S10	51	13086	0.003897294818890417
chr13_101231637-101231880	+	none	PRNP-75204-1-F-600dpi_S1	45	14294	0.0031481740590457536
chr13_101231637-101231880	+	none	PRNP-76261-3-M-600dpi_S2	47	14283	0.0032906252187915705
chr13_101231637-101231880	+	none	PRNP-78546-2-M-600dpi_S3	43	13887	0.003096421113271405
chr13_101231637-101231880	+	none	PRNP-88849-3-M-600dpi_S4	44	13384	0.00328750747160789
chr13_101231637-101231880	+	none	PRNP-88850-1-F-600dpi_S5	47	13912	0.0033783783783783786
chr13_114845677-114845838	-	BE3.9max	PRNP-CG1-M-600dpi_S6	63	19773	0.0031861629494765588
chr13_114845677-114845838	-	BE3.9max	PRNP-CG2-M-600dpi_S7	60	16197	0.003704389701796629
chr13_114845677-114845838	-	BE3.9max	PRNP-CG3-M-600dpi_S8	78	19486	0.004002873858154572
chr13_114845677-114845838	-	BE3.9max	PRNP-CI4-F-600dpi_S9	80	21335	0.0037497070541363956
chr13_114845677-114845838	-	BE3.9max	PRNP-CI5-F-600dpi_S10	67	20096	0.0033339968152866243
chr13_114845677-114845838	-	none	PRNP-75204-1-F-600dpi_S1	52	16762	0.0031022551008232906
chr13_114845677-114845838	-	none	PRNP-76261-3-M-600dpi_S2	51	14619	0.00348861071208701
chr13_114845677-114845838	-	none	PRNP-78546-2-M-600dpi_S3	63	16963	0.0037139656900312444
chr13_114845677-114845838	-	none	PRNP-88849-3-M-600dpi_S4	65	15017	0.00432842778184724
chr13_114845677-114845838	-	none	PRNP-88850-1-F-600dpi_S5	56	13968	0.004009163802978236
chr13_19925284-19925460	-	BE3.9max	PRNP-CG1-M-600dpi_S6	87	22668	0.003838009528851244
chr13_19925284-19925460	-	BE3.9max	PRNP-CG2-M-600dpi_S7	82	18223	0.004499807935027163
chr13_19925284-19925460	-	BE3.9max	PRNP-CG3-M-600dpi_S8	84	22586	0.003719118037722483
chr13_19925284-19925460	-	BE3.9max	PRNP-CI4-F-600dpi_S9	95	24124	0.003937987066821423
chr13_19925284-19925460	-	BE3.9max	PRNP-CI5-F-600dpi_S10	103	24102	0.004273504273504274
chr13_19925284-19925460	-	none	PRNP-75204-1-F-600dpi_S1	57	19381	0.0029410247149269904
chr13_19925284-19925460	-	none	PRNP-76261-3-M-600dpi_S2	58	17891	0.003241853445866637
chr13_19925284-19925460	-	none	PRNP-78546-2-M-600dpi_S3	79	19855	0.003978846638126417
chr13_19925284-19925460	-	none	PRNP-88849-3-M-600dpi_S4	61	17480	0.0034897025171624716
chr13_19925284-19925460	-	none	PRNP-88850-1-F-600dpi_S5	62	17915	0.0034607870499581356
chr13_49075601-49075797	-	BE3.9max	PRNP-CG1-M-600dpi_S6	30	8452	0.003549455750118315
chr13_49075601-49075797	-	BE3.9max	PRNP-CG2-M-600dpi_S7	24	7725	0.0031067961165048546
chr13_49075601-49075797	-	BE3.9max	PRNP-CG3-M-600dpi_S8	19	8195	0.0023184868822452714
chr13_49075601-49075797	-	BE3.9max	PRNP-CI4-F-600dpi_S9	29	8872	0.0032687105500450856
chr13_49075601-49075797	-	BE3.9max	PRNP-CI5-F-600dpi_S10	34	9558	0.003557229545930111
chr13_49075601-49075797	-	none	PRNP-75204-1-F-600dpi_S1	25	7226	0.0034597287572654305
chr13_49075601-49075797	-	none	PRNP-76261-3-M-600dpi_S2	32	8010	0.003995006242197253
chr13_49075601-49075797	-	none	PRNP-78546-2-M-600dpi_S3	35	8082	0.00433061123484286
chr13_49075601-49075797	-	none	PRNP-88849-3-M-600dpi_S4	30	7162	0.004188774085450991
chr13_49075601-49075797	-	none	PRNP-88850-1-F-600dpi_S5	29	8925	0.003249299719887955
chr13_57485880-57486118	-	BE3.9max	PRNP-CG1-M-600dpi_S6	17	5685	0.002990325417766051
chr13_57485880-57486118	-	BE3.9max	PRNP-CG2-M-600dpi_S7	33	5793	0.005696530295183843
chr13_57485880-57486118	-	BE3.9max	PRNP-CG3-M-600dpi_S8	20	5582	0.0035829451809387316
chr13_57485880-57486118	-	BE3.9max	PRNP-CI4-F-600dpi_S9	22	5565	0.003953279424977538
chr13_57485880-57486118	-	BE3.9max	PRNP-CI5-F-600dpi_S10	16	5556	0.0028797696184305254
chr13_57485880-57486118	-	none	PRNP-75204-1-F-600dpi_S1	21	5658	0.003711558854718982
chr13_57485880-57486118	-	none	PRNP-76261-3-M-600dpi_S2	31	6158	0.005034101981162715
chr13_57485880-57486118	-	none	PRNP-78546-2-M-600dpi_S3	22	6151	0.003576654202568688
chr13_57485880-57486118	-	none	PRNP-88849-3-M-600dpi_S4	16	5862	0.002729443875810304
chr13_57485880-57486118	-	none	PRNP-88850-1-F-600dpi_S5	16	6084	0.0026298487836949377
chr14_121266229-121266428	+	BE3.9max	PRNP-CG1-M-600dpi_S6	31	6079	0.005099522947853265
chr14_121266229-121266428	+	BE3.9max	PRNP-CG2-M-600dpi_S7	20	6042	0.0033101621979476996
chr14_121266229-121266428	+	BE3.9max	PRNP-CG3-M-600dpi_S8	33	5889	0.0056036678553234845
chr14_121266229-121266428	+	BE3.9max	PRNP-CI4-F-600dpi_S9	29	6494	0.0044656606097936554
chr14_121266229-121266428	+	BE3.9max	PRNP-CI5-F-600dpi_S10	23	6016	0.0038231382978723403
chr14_121266229-121266428	+	none	PRNP-75204-1-F-600dpi_S1	22	5594	0.003932785126921702
chr14_121266229-121266428	+	none	PRNP-76261-3-M-600dpi_S2	21	5511	0.003810560696788242
chr14_121266229-121266428	+	none	PRNP-78546-2-M-600dpi_S3	27	6005	0.004496253122398002
chr14_121266229-121266428	+	none	PRNP-88849-3-M-600dpi_S4	24	5606	0.004281127363539065
chr14_121266229-121266428	+	none	PRNP-88850-1-F-600dpi_S5	22	5515	0.003989120580235721
chr14_30163835-30164015	+	BE3.9max	PRNP-CG1-M-600dpi_S6	151	6338	0.023824550331334807
chr14_30163835-30164015	+	BE3.9max	PRNP-CG2-M-600dpi_S7	279	8148	0.03424153166421208
chr14_30163835-30164015	+	BE3.9max	PRNP-CG3-M-600dpi_S8	343	6913	0.04961666425575004
chr14_30163835-30164015	+	BE3.9max	PRNP-CI4-F-600dpi_S9	329	7546	0.04359925788497217
chr14_30163835-30164015	+	BE3.9max	PRNP-CI5-F-600dpi_S10	262	7712	0.03397302904564315
chr14_30163835-30164015	+	none	PRNP-75204-1-F-600dpi_S1	16	5386	0.0029706646862235424
chr14_30163835-30164015	+	none	PRNP-76261-3-M-600dpi_S2	39	7270	0.005364511691884457
chr14_30163835-30164015	+	none	PRNP-78546-2-M-600dpi_S3	31	6663	0.004652558907399069
chr14_30163835-30164015	+	none	PRNP-88849-3-M-600dpi_S4	22	6615	0.003325774754346183
chr14_30163835-30164015	+	none	PRNP-88850-1-F-600dpi_S5	22	6819	0.0032262795131250918
chr14_66727709-66727933	-	BE3.9max	PRNP-CG1-M-600dpi_S6	35	7064	0.004954699886749717
chr14_66727709-66727933	-	BE3.9max	PRNP-CG2-M-600dpi_S7	33	6413	0.005145797598627788
chr14_66727709-66727933	-	BE3.9max	PRNP-CG3-M-600dpi_S8	34	6323	0.00537719436976119
chr14_66727709-66727933	-	BE3.9max	PRNP-CI4-F-600dpi_S9	24	6284	0.0038192234245703373
chr14_66727709-66727933	-	BE3.9max	PRNP-CI5-F-600dpi_S10	32	6578	0.00486470051687443
chr14_66727709-66727933	-	none	PRNP-75204-1-F-600dpi_S1	26	6287	0.004135517735008748
chr14_66727709-66727933	-	none	PRNP-76261-3-M-600dpi_S2	43	6590	0.006525037936267072
chr14_66727709-66727933	-	none	PRNP-78546-2-M-600dpi_S3	40	6663	0.0060033018159988
chr14_66727709-66727933	-	none	PRNP-88849-3-M-600dpi_S4	25	6311	0.0039613373474885125
chr14_66727709-66727933	-	none	PRNP-88850-1-F-600dpi_S5	32	6337	0.005049708063752564
chr15_12232312-12232478	+	BE3.9max	PRNP-CG1-M-600dpi_S6	16	5381	0.00297342501393793
chr15_12232312-12232478	+	BE3.9max	PRNP-CG2-M-600dpi_S7	11	4679	0.0023509296858303056
chr15_12232312-12232478	+	BE3.9max	PRNP-CG3-M-600dpi_S8	24	5271	0.004553215708594195
chr15_12232312-12232478	+	BE3.9max	PRNP-CI4-F-600dpi_S9	13	6197	0.002097789252864289
chr15_12232312-12232478	+	BE3.9max	PRNP-CI5-F-600dpi_S10	20	5589	0.003578457684737878
chr15_12232312-12232478	+	none	PRNP-75204-1-F-600dpi_S1	11	4645	0.0023681377825618944
chr15_12232312-12232478	+	none	PRNP-76261-3-M-600dpi_S2	18	4467	0.004029550033579583
chr15_12232312-12232478	+	none	PRNP-78546-2-M-600dpi_S3	21	5296	0.0039652567975830815
chr15_12232312-12232478	+	none	PRNP-88849-3-M-600dpi_S4	10	4335	0.002306805074971165
chr15_12232312-12232478	+	none	PRNP-88850-1-F-600dpi_S5	17	4495	0.003781979977753059
chr15_18445087-18445268	+	BE3.9max	PRNP-CG1-M-600dpi_S6	119	3090	0.038511326860841424
chr15_18445087-18445268	+	BE3.9max	PRNP-CG2-M-600dpi_S7	52	2550	0.0203921568627451
chr15_18445087-18445268	+	BE3.9max	PRNP-CG3-M-600dpi_S8	196	3118	0.06286080821039128
chr15_18445087-18445268	+	BE3.9max	PRNP-CI4-F-600dpi_S9	283	3252	0.08702337023370234
chr15_18445087-18445268	+	BE3.9max	PRNP-CI5-F-600dpi_S10	190	3394	0.05598114319387154
chr15_18445087-18445268	+	none	PRNP-75204-1-F-600dpi_S1	79	2866	0.027564549895324496
chr15_18445087-18445268	+	none	PRNP-76261-3-M-600dpi_S2	39	2503	0.01558130243707551
chr15_18445087-18445268	+	none	PRNP-78546-2-M-600dpi_S3	90	2807	0.03206270039187745
chr15_18445087-18445268	+	none	PRNP-88849-3-M-600dpi_S4	65	2826	0.02300070771408351
chr15_18445087-18445268	+	none	PRNP-88850-1-F-600dpi_S5	51	2469	0.020656136087484813
chr15_31592214-31592380	+	BE3.9max	PRNP-CG1-M-600dpi_S6	48	11316	0.0042417815482502655
chr15_31592214-31592380	+	BE3.9max	PRNP-CG2-M-600dpi_S7	44	9839	0.004471999186909239
chr15_31592214-31592380	+	BE3.9max	PRNP-CG3-M-600dpi_S8	44	10777	0.004082768859608426
chr15_31592214-31592380	+	BE3.9max	PRNP-CI4-F-600dpi_S9	51	11845	0.004305614183199662
chr15_31592214-31592380	+	BE3.9max	PRNP-CI5-F-600dpi_S10	51	11101	0.004594180704441042
chr15_31592214-31592380	+	none	PRNP-75204-1-F-600dpi_S1	51	10536	0.004840546697038725
chr15_31592214-31592380	+	none	PRNP-76261-3-M-600dpi_S2	49	9749	0.005026156528874756
chr15_31592214-31592380	+	none	PRNP-78546-2-M-600dpi_S3	43	10189	0.0042202375110413195
chr15_31592214-31592380	+	none	PRNP-88849-3-M-600dpi_S4	42	9073	0.004629119365149344
chr15_31592214-31592380	+	none	PRNP-88850-1-F-600dpi_S5	40	9330	0.004287245444801715
chr15_76511545-76511714	-	BE3.9max	PRNP-CG1-M-600dpi_S6	32	4267	0.007499414108272791
chr15_76511545-76511714	-	BE3.9max	PRNP-CG2-M-600dpi_S7	11	753	0.014608233731739707
chr15_76511545-76511714	-	BE3.9max	PRNP-CG3-M-600dpi_S8	36	3821	0.00942161737764983
chr15_76511545-76511714	-	BE3.9max	PRNP-CI4-F-600dpi_S9	46	7497	0.00613578764839269
chr15_76511545-76511714	-	BE3.9max	PRNP-CI5-F-600dpi_S10	17	2135	0.007962529274004685
chr15_76511545-76511714	-	none	PRNP-76261-3-M-600dpi_S2	2	262	0.007633587786259542
chr16_10865109-10865273	-	BE3.9max	PRNP-CG1-M-600dpi_S6	8	1773	0.0045121263395375075
chr16_10865109-10865273	-	BE3.9max	PRNP-CG2-M-600dpi_S7	11	2206	0.004986400725294651
chr16_10865109-10865273	-	BE3.9max	PRNP-CG3-M-600dpi_S8	3	1938	0.0015479876160990713
chr16_10865109-10865273	-	BE3.9max	PRNP-CI4-F-600dpi_S9	8	2454	0.0032599837000814994
chr16_10865109-10865273	-	BE3.9max	PRNP-CI5-F-600dpi_S10	15	2241	0.006693440428380187
chr16_10865109-10865273	-	none	PRNP-75204-1-F-600dpi_S1	10	1955	0.005115089514066497
chr16_10865109-10865273	-	none	PRNP-76261-3-M-600dpi_S2	2	1792	0.0011160714285714285
chr16_10865109-10865273	-	none	PRNP-78546-2-M-600dpi_S3	9	2172	0.004143646408839779
chr16_10865109-10865273	-	none	PRNP-88849-3-M-600dpi_S4	7	1900	0.0036842105263157894
chr16_10865109-10865273	-	none	PRNP-88850-1-F-600dpi_S5	7	1917	0.0036515388628064684
chr16_38605005-38605248	-	BE3.9max	PRNP-CG1-M-600dpi_S6	14	3973	0.003523785552479235
chr16_38605005-38605248	-	BE3.9max	PRNP-CG2-M-600dpi_S7	8	3715	0.0021534320323014803
chr16_38605005-38605248	-	BE3.9max	PRNP-CG3-M-600dpi_S8	9	3493	0.002576581734898368
chr16_38605005-38605248	-	BE3.9max	PRNP-CI4-F-600dpi_S9	11	3588	0.0030657748049052395
chr16_38605005-38605248	-	BE3.9max	PRNP-CI5-F-600dpi_S10	12	3678	0.0032626427406199023
chr16_38605005-38605248	-	none	PRNP-75204-1-F-600dpi_S1	12	3508	0.0034207525655644243
chr16_38605005-38605248	-	none	PRNP-76261-3-M-600dpi_S2	11	3907	0.0028154594317890964
chr16_38605005-38605248	-	none	PRNP-78546-2-M-600dpi_S3	15	3872	0.0038739669421487604
chr16_38605005-38605248	-	none	PRNP-88849-3-M-600dpi_S4	6	3741	0.0016038492381716118
chr16_38605005-38605248	-	none	PRNP-88850-1-F-600dpi_S5	10	3917	0.0025529742149604288
chr16_94493928-94494090	-	BE3.9max	PRNP-CG1-M-600dpi_S6	29	5402	0.005368382080710848
chr16_94493928-94494090	-	BE3.9max	PRNP-CG2-M-600dpi_S7	19	4288	0.004430970149253731
chr16_94493928-94494090	-	BE3.9max	PRNP-CG3-M-600dpi_S8	23	4890	0.004703476482617587
chr16_94493928-94494090	-	BE3.9max	PRNP-CI4-F-600dpi_S9	26	5726	0.0045406915822563745
chr16_94493928-94494090	-	BE3.9max	PRNP-CI5-F-600dpi_S10	25	5381	0.004645976584278015
chr16_94493928-94494090	-	none	PRNP-75204-1-F-600dpi_S1	25	4858	0.00514615067929189
chr16_94493928-94494090	-	none	PRNP-76261-3-M-600dpi_S2	8	4059	0.001970928800197093
chr16_94493928-94494090	-	none	PRNP-78546-2-M-600dpi_S3	19	4320	0.004398148148148148
chr16_94493928-94494090	-	none	PRNP-88849-3-M-600dpi_S4	16	4094	0.0039081582804103565
chr16_94493928-94494090	-	none	PRNP-88850-1-F-600dpi_S5	15	4037	0.003715630418627694
chr17_22031830-22032058	-	BE3.9max	PRNP-CG1-M-600dpi_S6	538	6469	0.08316586798577832
chr17_22031830-22032058	-	BE3.9max	PRNP-CG2-M-600dpi_S7	743	6954	0.10684498130572333
chr17_22031830-22032058	-	BE3.9max	PRNP-CG3-M-600dpi_S8	535	5713	0.0936460703658323
chr17_22031830-22032058	-	BE3.9max	PRNP-CI4-F-600dpi_S9	561	5772	0.0971933471933472
chr17_22031830-22032058	-	BE3.9max	PRNP-CI5-F-600dpi_S10	518	5418	0.09560723514211886
chr17_22031830-22032058	-	none	PRNP-75204-1-F-600dpi_S1	567	4927	0.11508017048914146
chr17_22031830-22032058	-	none	PRNP-76261-3-M-600dpi_S2	600	6479	0.09260688377836086
chr17_22031830-22032058	-	none	PRNP-78546-2-M-600dpi_S3	673	5929	0.11350986675662
chr17_22031830-22032058	-	none	PRNP-88849-3-M-600dpi_S4	620	5427	0.1142435968306615
chr17_22031830-22032058	-	none	PRNP-88850-1-F-600dpi_S5	501	4918	0.10187067913786092
chr17_26188237-26188450	+	BE3.9max	PRNP-CG1-M-600dpi_S6	39	10230	0.003812316715542522
chr17_26188237-26188450	+	BE3.9max	PRNP-CG2-M-600dpi_S7	59	9994	0.005903542125275165
chr17_26188237-26188450	+	BE3.9max	PRNP-CG3-M-600dpi_S8	38	8969	0.0042368156985171145
chr17_26188237-26188450	+	BE3.9max	PRNP-CI4-F-600dpi_S9	54	10057	0.005369394451625733
chr17_26188237-26188450	+	BE3.9max	PRNP-CI5-F-600dpi_S10	36	9372	0.0038412291933418692
chr17_26188237-26188450	+	none	PRNP-75204-1-F-600dpi_S1	31	9187	0.00337433329705018
chr17_26188237-26188450	+	none	PRNP-76261-3-M-600dpi_S2	44	9808	0.004486133768352365
chr17_26188237-26188450	+	none	PRNP-78546-2-M-600dpi_S3	36	9697	0.0037124883984737548
chr17_26188237-26188450	+	none	PRNP-88849-3-M-600dpi_S4	40	9278	0.004311273981461522
chr17_26188237-26188450	+	none	PRNP-88850-1-F-600dpi_S5	38	10081	0.0037694673147505207
chr17_83028137-83028343	+	BE3.9max	PRNP-CG1-M-600dpi_S6	19	7971	0.002383640697528541
chr17_83028137-83028343	+	BE3.9max	PRNP-CG2-M-600dpi_S7	18	7211	0.0024961863819165163
chr17_83028137-83028343	+	BE3.9max	PRNP-CG3-M-600dpi_S8	16	6954	0.0023008340523439745
chr17_83028137-83028343	+	BE3.9max	PRNP-CI4-F-600dpi_S9	22	7588	0.0028993147074327886
chr17_83028137-83028343	+	BE3.9max	PRNP-CI5-F-600dpi_S10	30	7441	0.00403171616718183
chr17_83028137-83028343	+	none	PRNP-75204-1-F-600dpi_S1	20	6965	0.002871500358937545
chr17_83028137-83028343	+	none	PRNP-76261-3-M-600dpi_S2	26	7249	0.003586701614015726
chr17_83028137-83028343	+	none	PRNP-78546-2-M-600dpi_S3	28	7024	0.003986332574031891
chr17_83028137-83028343	+	none	PRNP-88849-3-M-600dpi_S4	28	7101	0.003943106604703563
chr17_83028137-83028343	+	none	PRNP-88850-1-F-600dpi_S5	21	6902	0.0030425963488843813
chr17_9514356-9514526	+	BE3.9max	PRNP-CG1-M-600dpi_S6	63	13975	0.0045080500894454385
chr17_9514356-9514526	+	BE3.9max	PRNP-CG2-M-600dpi_S7	35	11433	0.0030613137409253913
chr17_9514356-9514526	+	BE3.9max	PRNP-CG3-M-600dpi_S8	63	13792	0.004567865429234339
chr17_9514356-9514526	+	BE3.9max	PRNP-CI4-F-600dpi_S9	43	14395	0.0029871483153872873
chr17_9514356-9514526	+	BE3.9max	PRNP-CI5-F-600dpi_S10	66	14562	0.004532344458178822
chr17_9514356-9514526	+	none	PRNP-75204-1-F-600dpi_S1	45	11966	0.003760655189704162
chr17_9514356-9514526	+	none	PRNP-76261-3-M-600dpi_S2	45	10501	0.004285306161317969
chr17_9514356-9514526	+	none	PRNP-78546-2-M-600dpi_S3	53	12752	0.0041562107904642405
chr17_9514356-9514526	+	none	PRNP-88849-3-M-600dpi_S4	55	11340	0.0048500881834215165
chr17_9514356-9514526	+	none	PRNP-88850-1-F-600dpi_S5	51	10875	0.004689655172413793
chr18_25527919-25528162	+	BE3.9max	PRNP-CG1-M-600dpi_S6	273	3297	0.08280254777070063
chr18_25527919-25528162	+	BE3.9max	PRNP-CG2-M-600dpi_S7	421	4411	0.09544321015642711
chr18_25527919-25528162	+	BE3.9max	PRNP-CG3-M-600dpi_S8	477	3466	0.13762261973456433
chr18_25527919-25528162	+	BE3.9max	PRNP-CI4-F-600dpi_S9	469	3708	0.12648327939590076
chr18_25527919-25528162	+	BE3.9max	PRNP-CI5-F-600dpi_S10	272	3270	0.08318042813455657
chr18_25527919-25528162	+	none	PRNP-75204-1-F-600dpi_S1	6	2480	0.0024193548387096775
chr18_25527919-25528162	+	none	PRNP-76261-3-M-600dpi_S2	11	3924	0.0028032619775739042
chr18_25527919-25528162	+	none	PRNP-78546-2-M-600dpi_S3	12	3486	0.0034423407917383822
chr18_25527919-25528162	+	none	PRNP-88849-3-M-600dpi_S4	9	3402	0.0026455026455026454
chr18_25527919-25528162	+	none	PRNP-88850-1-F-600dpi_S5	9	4125	0.002181818181818182
chr18_29058614-29058859	-	BE3.9max	PRNP-CG1-M-600dpi_S6	19	5006	0.0037954454654414702
chr18_29058614-29058859	-	BE3.9max	PRNP-CG2-M-600dpi_S7	9	4539	0.0019828155981493722
chr18_29058614-29058859	-	BE3.9max	PRNP-CG3-M-600dpi_S8	10	4194	0.002384358607534573
chr18_29058614-29058859	-	BE3.9max	PRNP-CI4-F-600dpi_S9	13	4016	0.0032370517928286854
chr18_29058614-29058859	-	BE3.9max	PRNP-CI5-F-600dpi_S10	17	4732	0.003592561284868977
chr18_29058614-29058859	-	none	PRNP-75204-1-F-600dpi_S1	17	4466	0.00380653828929691
chr18_29058614-29058859	-	none	PRNP-76261-3-M-600dpi_S2	16	4475	0.003575418994413408
chr18_29058614-29058859	-	none	PRNP-78546-2-M-600dpi_S3	13	4698	0.002767134951042997
chr18_29058614-29058859	-	none	PRNP-88849-3-M-600dpi_S4	14	4807	0.0029124193883919283
chr18_29058614-29058859	-	none	PRNP-88850-1-F-600dpi_S5	6	4488	0.001336898395721925
chr18_4708989-4709206	+	BE3.9max	PRNP-CG1-M-600dpi_S6	13	4755	0.002733964248159832
chr18_4708989-4709206	+	BE3.9max	PRNP-CG2-M-600dpi_S7	18	4706	0.003824904377390565
chr18_4708989-4709206	+	BE3.9max	PRNP-CG3-M-600dpi_S8	8	3884	0.0020597322348094747
chr18_4708989-4709206	+	BE3.9max	PRNP-CI4-F-600dpi_S9	11	3716	0.002960172228202368
chr18_4708989-4709206	+	BE3.9max	PRNP-CI5-F-600dpi_S10	7	4184	0.0016730401529636712
chr18_4708989-4709206	+	none	PRNP-75204-1-F-600dpi_S1	11	4530	0.0024282560706401766
chr18_4708989-4709206	+	none	PRNP-76261-3-M-600dpi_S2	12	4297	0.0027926460321154294
chr18_4708989-4709206	+	none	PRNP-78546-2-M-600dpi_S3	11	4278	0.002571294997662459
chr18_4708989-4709206	+	none	PRNP-88849-3-M-600dpi_S4	14	4528	0.0030918727915194345
chr18_4708989-4709206	+	none	PRNP-88850-1-F-600dpi_S5	12	4165	0.0028811524609843936
chr18_75680478-75680698	+	BE3.9max	PRNP-CG1-M-600dpi_S6	23	8570	0.0026837806301050174
chr18_75680478-75680698	+	BE3.9max	PRNP-CG2-M-600dpi_S7	19	7942	0.0023923444976076554
chr18_75680478-75680698	+	BE3.9max	PRNP-CG3-M-600dpi_S8	18	7607	0.0023662416195609306
chr18_75680478-75680698	+	BE3.9max	PRNP-CI4-F-600dpi_S9	21	7784	0.002697841726618705
chr18_75680478-75680698	+	BE3.9max	PRNP-CI5-F-600dpi_S10	13	7713	0.0016854660962012187
chr18_75680478-75680698	+	none	PRNP-75204-1-F-600dpi_S1	18	7543	0.0023863184409386186
chr18_75680478-75680698	+	none	PRNP-76261-3-M-600dpi_S2	21	8663	0.002424102504905922
chr18_75680478-75680698	+	none	PRNP-78546-2-M-600dpi_S3	18	8566	0.002101330842867149
chr18_75680478-75680698	+	none	PRNP-88849-3-M-600dpi_S4	23	7831	0.0029370450772570555
chr18_75680478-75680698	+	none	PRNP-88850-1-F-600dpi_S5	26	9036	0.002877379371403276
chr1_126739568-126739734	+	BE3.9max	PRNP-CG1-M-600dpi_S6	56	18899	0.0029631197417852796
chr1_126739568-126739734	+	BE3.9max	PRNP-CG2-M-600dpi_S7	41	15860	0.0025851197982345525
chr1_126739568-126739734	+	BE3.9max	PRNP-CG3-M-600dpi_S8	56	18902	0.002962649455084118
chr1_126739568-126739734	+	BE3.9max	PRNP-CI4-F-600dpi_S9	86	22370	0.0038444345105051406
chr1_126739568-126739734	+	BE3.9max	PRNP-CI5-F-600dpi_S10	71	20651	0.0034380901651251757
chr1_126739568-126739734	+	none	PRNP-75204-1-F-600dpi_S1	55	16043	0.0034282864800847723
chr1_126739568-126739734	+	none	PRNP-76261-3-M-600dpi_S2	54	14773	0.0036553171326067827
chr1_126739568-126739734	+	none	PRNP-78546-2-M-600dpi_S3	77	17125	0.0044963503649635035
chr1_126739568-126739734	+	none	PRNP-88849-3-M-600dpi_S4	53	14954	0.0035442022201417683
chr1_126739568-126739734	+	none	PRNP-88850-1-F-600dpi_S5	50	14014	0.0035678607107178534
chr1_188866703-188866860	+	BE3.9max	PRNP-CG1-M-600dpi_S6	123	28096	0.004377847380410023
chr1_188866703-188866860	+	BE3.9max	PRNP-CG2-M-600dpi_S7	91	23419	0.0038857338058841113
chr1_188866703-188866860	+	BE3.9max	PRNP-CG3-M-600dpi_S8	118	27723	0.004256393608195361
chr1_188866703-188866860	+	BE3.9max	PRNP-CI4-F-600dpi_S9	134	31063	0.004313813862151112
chr1_188866703-188866860	+	BE3.9max	PRNP-CI5-F-600dpi_S10	128	28564	0.004481165102926761
chr1_188866703-188866860	+	none	PRNP-75204-1-F-600dpi_S1	72	23538	0.0030588835075197555
chr1_188866703-188866860	+	none	PRNP-76261-3-M-600dpi_S2	93	20960	0.0044370229007633585
chr1_188866703-188866860	+	none	PRNP-78546-2-M-600dpi_S3	92	24466	0.003760320444698766
chr1_188866703-188866860	+	none	PRNP-88849-3-M-600dpi_S4	113	21844	0.00517304522981139
chr1_188866703-188866860	+	none	PRNP-88850-1-F-600dpi_S5	95	19773	0.004804531431750366
chr1_71610094-71610322	-	BE3.9max	PRNP-CG1-M-600dpi_S6	7	3295	0.0021244309559939304
chr1_71610094-71610322	-	BE3.9max	PRNP-CG2-M-600dpi_S7	10	3233	0.003093102381688834
chr1_71610094-71610322	-	BE3.9max	PRNP-CG3-M-600dpi_S8	11	2734	0.004023408924652524
chr1_71610094-71610322	-	BE3.9max	PRNP-CI4-F-600dpi_S9	14	2571	0.0054453520031116295
chr1_71610094-71610322	-	BE3.9max	PRNP-CI5-F-600dpi_S10	19	3180	0.005974842767295598
chr1_71610094-71610322	-	none	PRNP-75204-1-F-600dpi_S1	16	3321	0.004817825956037338
chr1_71610094-71610322	-	none	PRNP-76261-3-M-600dpi_S2	14	3638	0.0038482682792743265
chr1_71610094-71610322	-	none	PRNP-78546-2-M-600dpi_S3	18	3348	0.005376344086021506
chr1_71610094-71610322	-	none	PRNP-88849-3-M-600dpi_S4	9	3143	0.0028635062042634426
chr1_71610094-71610322	-	none	PRNP-88850-1-F-600dpi_S5	16	3274	0.004886988393402566
chr1_74587666-74587826	+	BE3.9max	PRNP-CG1-M-600dpi_S6	74	17614	0.004201203588054956
chr1_74587666-74587826	+	BE3.9max	PRNP-CG2-M-600dpi_S7	42	12533	0.0033511529561956435
chr1_74587666-74587826	+	BE3.9max	PRNP-CG3-M-600dpi_S8	68	16760	0.004057279236276849
chr1_74587666-74587826	+	BE3.9max	PRNP-CI4-F-600dpi_S9	93	22754	0.004087193460490463
chr1_74587666-74587826	+	BE3.9max	PRNP-CI5-F-600dpi_S10	59	16110	0.0036623215394165115
chr1_74587666-74587826	+	none	PRNP-75204-1-F-600dpi_S1	57	12144	0.004693675889328063
chr1_74587666-74587826	+	none	PRNP-76261-3-M-600dpi_S2	36	11994	0.0030015007503751876
chr1_74587666-74587826	+	none	PRNP-78546-2-M-600dpi_S3	50	11885	0.004206983592763988
chr1_74587666-74587826	+	none	PRNP-88849-3-M-600dpi_S4	31	9283	0.003339437681783906
chr1_74587666-74587826	+	none	PRNP-88850-1-F-600dpi_S5	31	8844	0.0035052012663952963
chr1_87930560-87930770	-	BE3.9max	PRNP-CG1-M-600dpi_S6	15	4844	0.003096614368290669
chr1_87930560-87930770	-	BE3.9max	PRNP-CG2-M-600dpi_S7	16	4273	0.003744441844137608
chr1_87930560-87930770	-	BE3.9max	PRNP-CG3-M-600dpi_S8	18	4141	0.004346776141028737
chr1_87930560-87930770	-	BE3.9max	PRNP-CI4-F-600dpi_S9	18	4626	0.0038910505836575876
chr1_87930560-87930770	-	BE3.9max	PRNP-CI5-F-600dpi_S10	19	4879	0.0038942406230784996
chr1_87930560-87930770	-	none	PRNP-75204-1-F-600dpi_S1	12	5804	0.002067539627842867
chr1_87930560-87930770	-	none	PRNP-76261-3-M-600dpi_S2	21	5895	0.0035623409669211198
chr1_87930560-87930770	-	none	PRNP-78546-2-M-600dpi_S3	13	5387	0.0024132170038982737
chr1_87930560-87930770	-	none	PRNP-88849-3-M-600dpi_S4	17	5348	0.0031787584143605084
chr1_87930560-87930770	-	none	PRNP-88850-1-F-600dpi_S5	21	6093	0.0034465780403741997
chr2_102213624-102213815	+	BE3.9max	PRNP-CG1-M-600dpi_S6	52	18710	0.002779262426509888
chr2_102213624-102213815	+	BE3.9max	PRNP-CG2-M-600dpi_S7	46	17371	0.00264809164699787
chr2_102213624-102213815	+	BE3.9max	PRNP-CG3-M-600dpi_S8	65	18140	0.003583241455347299
chr2_102213624-102213815	+	BE3.9max	PRNP-CI4-F-600dpi_S9	86	18856	0.004560882477725923
chr2_102213624-102213815	+	BE3.9max	PRNP-CI5-F-600dpi_S10	69	19270	0.0035806953814218993
chr2_102213624-102213815	+	none	PRNP-75204-1-F-600dpi_S1	65	18033	0.0036045028558753397
chr2_102213624-102213815	+	none	PRNP-76261-3-M-600dpi_S2	45	15884	0.0028330395366406446
chr2_102213624-102213815	+	none	PRNP-78546-2-M-600dpi_S3	71	17540	0.004047890535917902
chr2_102213624-102213815	+	none	PRNP-88849-3-M-600dpi_S4	62	16265	0.0038118659698739626
chr2_102213624-102213815	+	none	PRNP-88850-1-F-600dpi_S5	58	16085	0.003605843953994405
chr2_116601032-116601271	-	BE3.9max	PRNP-CG1-M-600dpi_S6	31	8399	0.003690915585188713
chr2_116601032-116601271	-	BE3.9max	PRNP-CG2-M-600dpi_S7	25	7441	0.0033597634726515255
chr2_116601032-116601271	-	BE3.9max	PRNP-CG3-M-600dpi_S8	24	7432	0.0032292787944025836
chr2_116601032-116601271	-	BE3.9max	PRNP-CI4-F-600dpi_S9	23	6892	0.003337202553685432
chr2_116601032-116601271	-	BE3.9max	PRNP-CI5-F-600dpi_S10	38	8047	0.004722256741642848
chr2_116601032-116601271	-	none	PRNP-75204-1-F-600dpi_S1	26	8449	0.003077287252929341
chr2_116601032-116601271	-	none	PRNP-76261-3-M-600dpi_S2	25	8252	0.0030295685894328648
chr2_116601032-116601271	-	none	PRNP-78546-2-M-600dpi_S3	29	8772	0.0033059735522115823
chr2_116601032-116601271	-	none	PRNP-88849-3-M-600dpi_S4	30	8639	0.0034726241463132307
chr2_116601032-116601271	-	none	PRNP-88850-1-F-600dpi_S5	34	9089	0.0037407855649686434
chr2_124605016-124605260	+	BE3.9max	PRNP-CG1-M-600dpi_S6	35	8708	0.0040192926045016075
chr2_124605016-124605260	+	BE3.9max	PRNP-CG2-M-600dpi_S7	32	9066	0.003529671299360247
chr2_124605016-124605260	+	BE3.9max	PRNP-CG3-M-600dpi_S8	43	7381	0.0058257688660073165
chr2_124605016-124605260	+	BE3.9max	PRNP-CI4-F-600dpi_S9	29	6982	0.004153537668289888
chr2_124605016-124605260	+	BE3.9max	PRNP-CI5-F-600dpi_S10	41	8640	0.00474537037037037
chr2_124605016-124605260	+	none	PRNP-75204-1-F-600dpi_S1	30	8385	0.0035778175313059034
chr2_124605016-124605260	+	none	PRNP-76261-3-M-600dpi_S2	35	8913	0.003926848423650847
chr2_124605016-124605260	+	none	PRNP-78546-2-M-600dpi_S3	30	8744	0.0034309240622140895
chr2_124605016-124605260	+	none	PRNP-88849-3-M-600dpi_S4	35	8750	0.004
chr2_124605016-124605260	+	none	PRNP-88850-1-F-600dpi_S5	30	9041	0.003318217011392545
chr2_32372437-32372644	+	BE3.9max	PRNP-CG1-M-600dpi_S6	22	5112	0.004303599374021909
chr2_32372437-32372644	+	BE3.9max	PRNP-CG2-M-600dpi_S7	24	5469	0.004388370817334065
chr2_32372437-32372644	+	BE3.9max	PRNP-CG3-M-600dpi_S8	22	4794	0.00458906967042136
chr2_32372437-32372644	+	BE3.9max	PRNP-CI4-F-600dpi_S9	20	5274	0.0037921880925293893
chr2_32372437-32372644	+	BE3.9max	PRNP-CI5-F-600dpi_S10	25	5087	0.00491448791035974
chr2_32372437-32372644	+	none	PRNP-75204-1-F-600dpi_S1	20	4710	0.004246284501061571
chr2_32372437-32372644	+	none	PRNP-76261-3-M-600dpi_S2	17	4973	0.0034184596822843354
chr2_32372437-32372644	+	none	PRNP-78546-2-M-600dpi_S3	32	5431	0.00589210090222795
chr2_32372437-32372644	+	none	PRNP-88849-3-M-600dpi_S4	12	4715	0.002545068928950159
chr2_32372437-32372644	+	none	PRNP-88850-1-F-600dpi_S5	20	5019	0.003984857541342897
chr3_130617464-130617687	+	BE3.9max	PRNP-CG1-M-600dpi_S6	43	4523	0.009506964404156533
chr3_130617464-130617687	+	BE3.9max	PRNP-CG2-M-600dpi_S7	33	4468	0.00738585496866607
chr3_130617464-130617687	+	BE3.9max	PRNP-CG3-M-600dpi_S8	55	4361	0.012611786287548728
chr3_130617464-130617687	+	BE3.9max	PRNP-CI4-F-600dpi_S9	50	4317	0.011582117211026175
chr3_130617464-130617687	+	BE3.9max	PRNP-CI5-F-600dpi_S10	42	4563	0.009204470742932281
chr3_130617464-130617687	+	none	PRNP-75204-1-F-600dpi_S1	13	4156	0.0031280076997112606
chr3_130617464-130617687	+	none	PRNP-76261-3-M-600dpi_S2	30	4592	0.006533101045296167
chr3_130617464-130617687	+	none	PRNP-78546-2-M-600dpi_S3	21	4441	0.0047286647151542445
chr3_130617464-130617687	+	none	PRNP-88849-3-M-600dpi_S4	21	4644	0.004521963824289405
chr3_130617464-130617687	+	none	PRNP-88850-1-F-600dpi_S5	32	4593	0.006967123884171565
chr3_144419940-144420160	+	BE3.9max	PRNP-CG1-M-600dpi_S6	11	4044	0.0027200791295746785
chr3_144419940-144420160	+	BE3.9max	PRNP-CG2-M-600dpi_S7	12	4126	0.00290838584585555
chr3_144419940-144420160	+	BE3.9max	PRNP-CG3-M-600dpi_S8	18	3999	0.00450112528132033
chr3_144419940-144420160	+	BE3.9max	PRNP-CI4-F-600dpi_S9	16	3872	0.004132231404958678
chr3_144419940-144420160	+	BE3.9max	PRNP-CI5-F-600dpi_S10	21	4239	0.004953998584571833
chr3_144419940-144420160	+	none	PRNP-75204-1-F-600dpi_S1	6	3997	0.0015011258443832875
chr3_144419940-144420160	+	none	PRNP-76261-3-M-600dpi_S2	11	3912	0.0028118609406952966
chr3_144419940-144420160	+	none	PRNP-78546-2-M-600dpi_S3	8	4371	0.0018302447952413636
chr3_144419940-144420160	+	none	PRNP-88849-3-M-600dpi_S4	12	4264	0.0028142589118198874
chr3_144419940-144420160	+	none	PRNP-88850-1-F-600dpi_S5	12	4270	0.002810304449648712
chr3_66197543-66197786	+	BE3.9max	PRNP-CG1-M-600dpi_S6	42	6543	0.006419073819348923
chr3_66197543-66197786	+	BE3.9max	PRNP-CG2-M-600dpi_S7	32	5731	0.00558366777176758
chr3_66197543-66197786	+	BE3.9max	PRNP-CG3-M-600dpi_S8	50	5146	0.00971628449280995
chr3_66197543-66197786	+	BE3.9max	PRNP-CI4-F-600dpi_S9	53	4546	0.011658600967883855
chr3_66197543-66197786	+	BE3.9max	PRNP-CI5-F-600dpi_S10	52	5780	0.008996539792387544
chr3_66197543-66197786	+	none	PRNP-75204-1-F-600dpi_S1	51	6576	0.007755474452554745
chr3_66197543-66197786	+	none	PRNP-76261-3-M-600dpi_S2	33	6151	0.005364981303853032
chr3_66197543-66197786	+	none	PRNP-78546-2-M-600dpi_S3	35	6432	0.005441542288557214
chr3_66197543-66197786	+	none	PRNP-88849-3-M-600dpi_S4	29	6425	0.004513618677042802
chr3_66197543-66197786	+	none	PRNP-88850-1-F-600dpi_S5	44	6397	0.006878224167578552
chr4_114264418-114264587	+	BE3.9max	PRNP-CG1-M-600dpi_S6	87	12031	0.007231319092344776
chr4_114264418-114264587	+	BE3.9max	PRNP-CG2-M-600dpi_S7	72	10779	0.006679654884497634
chr4_114264418-114264587	+	BE3.9max	PRNP-CG3-M-600dpi_S8	133	12116	0.010977220204688016
chr4_114264418-114264587	+	BE3.9max	PRNP-CI4-F-600dpi_S9	195	14222	0.013711151736745886
chr4_114264418-114264587	+	BE3.9max	PRNP-CI5-F-600dpi_S10	167	12988	0.01285802279026794
chr4_114264418-114264587	+	none	PRNP-75204-1-F-600dpi_S1	83	10328	0.008036405886909372
chr4_114264418-114264587	+	none	PRNP-76261-3-M-600dpi_S2	59	10387	0.005680177144507558
chr4_114264418-114264587	+	none	PRNP-78546-2-M-600dpi_S3	95	11704	0.008116883116883116
chr4_114264418-114264587	+	none	PRNP-88849-3-M-600dpi_S4	86	9691	0.00887421318749355
chr4_114264418-114264587	+	none	PRNP-88850-1-F-600dpi_S5	86	8646	0.00994679620633819
chr4_129686058-129686303	-	BE3.9max	PRNP-CG1-M-600dpi_S6	12	3367	0.003564003564003564
chr4_129686058-129686303	-	BE3.9max	PRNP-CG2-M-600dpi_S7	11	3458	0.0031810294968189707
chr4_129686058-129686303	-	BE3.9max	PRNP-CG3-M-600dpi_S8	7	2968	0.0023584905660377358
chr4_129686058-129686303	-	BE3.9max	PRNP-CI4-F-600dpi_S9	9	2868	0.0031380753138075313
chr4_129686058-129686303	-	BE3.9max	PRNP-CI5-F-600dpi_S10	7	2995	0.002337228714524207
chr4_129686058-129686303	-	none	PRNP-75204-1-F-600dpi_S1	3	3521	8.520306731042318e-4
chr4_129686058-129686303	-	none	PRNP-76261-3-M-600dpi_S2	10	3533	0.002830455703368242
chr4_129686058-129686303	-	none	PRNP-78546-2-M-600dpi_S3	6	3577	0.0016773832820799553
chr4_129686058-129686303	-	none	PRNP-88849-3-M-600dpi_S4	18	3652	0.004928806133625411
chr4_129686058-129686303	-	none	PRNP-88850-1-F-600dpi_S5	12	3998	0.0030015007503751876
chr4_132720742-132720915	+	BE3.9max	PRNP-CG1-M-600dpi_S6	40	6766	0.005911912503694945
chr4_132720742-132720915	+	BE3.9max	PRNP-CG2-M-600dpi_S7	14	5707	0.0024531277378657787
chr4_132720742-132720915	+	BE3.9max	PRNP-CG3-M-600dpi_S8	32	6365	0.0050274941084053415
chr4_132720742-132720915	+	BE3.9max	PRNP-CI4-F-600dpi_S9	53	7534	0.007034775683567826
chr4_132720742-132720915	+	BE3.9max	PRNP-CI5-F-600dpi_S10	29	6941	0.004178072323872641
chr4_132720742-132720915	+	none	PRNP-75204-1-F-600dpi_S1	29	5971	0.004856807904873556
chr4_132720742-132720915	+	none	PRNP-76261-3-M-600dpi_S2	19	5280	0.0035984848484848487
chr4_132720742-132720915	+	none	PRNP-78546-2-M-600dpi_S3	35	6204	0.005641521598968408
chr4_132720742-132720915	+	none	PRNP-88849-3-M-600dpi_S4	22	5360	0.004104477611940298
chr4_132720742-132720915	+	none	PRNP-88850-1-F-600dpi_S5	22	5310	0.004143126177024482
chr4_138605179-138605335	+	BE3.9max	PRNP-CG1-M-600dpi_S6	34	8563	0.003970571061543852
chr4_138605179-138605335	+	BE3.9max	PRNP-CG2-M-600dpi_S7	27	7842	0.0034429992348890587
chr4_138605179-138605335	+	BE3.9max	PRNP-CG3-M-600dpi_S8	35	8640	0.004050925925925926
chr4_138605179-138605335	+	BE3.9max	PRNP-CI4-F-600dpi_S9	33	10189	0.0032387869270782215
chr4_138605179-138605335	+	BE3.9max	PRNP-CI5-F-600dpi_S10	37	9152	0.004042832167832168
chr4_138605179-138605335	+	none	PRNP-75204-1-F-600dpi_S1	32	8510	0.0037602820211515863
chr4_138605179-138605335	+	none	PRNP-76261-3-M-600dpi_S2	24	8021	0.0029921456177533974
chr4_138605179-138605335	+	none	PRNP-78546-2-M-600dpi_S3	45	9617	0.0046792138920661325
chr4_138605179-138605335	+	none	PRNP-88849-3-M-600dpi_S4	31	7703	0.004024406075554978
chr4_138605179-138605335	+	none	PRNP-88850-1-F-600dpi_S5	42	8013	0.005241482590789966
chr4_152306772-152307012	-	BE3.9max	PRNP-CG1-M-600dpi_S6	44	6815	0.006456346294937638
chr4_152306772-152307012	-	BE3.9max	PRNP-CG2-M-600dpi_S7	19	7177	0.0026473456876132087
chr4_152306772-152307012	-	BE3.9max	PRNP-CG3-M-600dpi_S8	31	6080	0.005098684210526316
chr4_152306772-152307012	-	BE3.9max	PRNP-CI4-F-600dpi_S9	19	6696	0.002837514934289128
chr4_152306772-152307012	-	BE3.9max	PRNP-CI5-F-600dpi_S10	34	6192	0.005490956072351421
chr4_152306772-152307012	-	none	PRNP-75204-1-F-600dpi_S1	15	5595	0.002680965147453083
chr4_152306772-152307012	-	none	PRNP-76261-3-M-600dpi_S2	28	6909	0.004052684903748734
chr4_152306772-152307012	-	none	PRNP-78546-2-M-600dpi_S3	25	6379	0.003919109578303809
chr4_152306772-152307012	-	none	PRNP-88849-3-M-600dpi_S4	34	5856	0.005806010928961749
chr4_152306772-152307012	-	none	PRNP-88850-1-F-600dpi_S5	28	6659	0.004204835560895029
chr4_53567961-53568166	-	BE3.9max	PRNP-CG1-M-600dpi_S6	46	12919	0.003560647108909358
chr4_53567961-53568166	-	BE3.9max	PRNP-CG2-M-600dpi_S7	50	12477	0.00400737356736395
chr4_53567961-53568166	-	BE3.9max	PRNP-CG3-M-600dpi_S8	70	12463	0.005616625210623445
chr4_53567961-53568166	-	BE3.9max	PRNP-CI4-F-600dpi_S9	73	13116	0.0055657212564806345
chr4_53567961-53568166	-	BE3.9max	PRNP-CI5-F-600dpi_S10	65	13407	0.004848213619750876
chr4_53567961-53568166	-	none	PRNP-75204-1-F-600dpi_S1	56	12134	0.004615131036756222
chr4_53567961-53568166	-	none	PRNP-76261-3-M-600dpi_S2	59	12806	0.004607215367796345
chr4_53567961-53568166	-	none	PRNP-78546-2-M-600dpi_S3	61	12612	0.004836663495084047
chr4_53567961-53568166	-	none	PRNP-88849-3-M-600dpi_S4	56	12999	0.004308023694130318
chr4_53567961-53568166	-	none	PRNP-88850-1-F-600dpi_S5	50	13128	0.003808653260207191
chr4_85947221-85947405	+	BE3.9max	PRNP-CG1-M-600dpi_S6	51	7216	0.007067627494456763
chr4_85947221-85947405	+	BE3.9max	PRNP-CG2-M-600dpi_S7	22	5994	0.003670337003670337
chr4_85947221-85947405	+	BE3.9max	PRNP-CG3-M-600dpi_S8	29	6638	0.004368785778849051
chr4_85947221-85947405	+	BE3.9max	PRNP-CI4-F-600dpi_S9	36	6615	0.005442176870748299
chr4_85947221-85947405	+	BE3.9max	PRNP-CI5-F-600dpi_S10	38	7103	0.005349852175137266
chr4_85947221-85947405	+	none	PRNP-75204-1-F-600dpi_S1	35	6917	0.005059997108573081
chr4_85947221-85947405	+	none	PRNP-76261-3-M-600dpi_S2	45	5949	0.007564296520423601
chr4_85947221-85947405	+	none	PRNP-78546-2-M-600dpi_S3	32	6483	0.0049359864260373285
chr4_85947221-85947405	+	none	PRNP-88849-3-M-600dpi_S4	40	6020	0.006644518272425249
chr4_85947221-85947405	+	none	PRNP-88850-1-F-600dpi_S5	33	5940	0.005555555555555556
chr5_105817455-105817620	-	BE3.9max	PRNP-CG1-M-600dpi_S6	24	7755	0.003094777562862669
chr5_105817455-105817620	-	BE3.9max	PRNP-CG2-M-600dpi_S7	16	7376	0.0021691973969631237
chr5_105817455-105817620	-	BE3.9max	PRNP-CG3-M-600dpi_S8	20	7472	0.0026766595289079227
chr5_105817455-105817620	-	BE3.9max	PRNP-CI4-F-600dpi_S9	20	8471	0.002360996340455672
chr5_105817455-105817620	-	BE3.9max	PRNP-CI5-F-600dpi_S10	24	8039	0.002985445950988929
chr5_105817455-105817620	-	none	PRNP-75204-1-F-600dpi_S1	25	7031	0.003555681979803726
chr5_105817455-105817620	-	none	PRNP-76261-3-M-600dpi_S2	16	6195	0.00258272800645682
chr5_105817455-105817620	-	none	PRNP-78546-2-M-600dpi_S3	24	7272	0.0033003300330033004
chr5_105817455-105817620	-	none	PRNP-88849-3-M-600dpi_S4	19	6603	0.0028774799333636226
chr5_105817455-105817620	-	none	PRNP-88850-1-F-600dpi_S5	19	6075	0.0031275720164609055
chr5_119220086-119220275	-	BE3.9max	PRNP-CG1-M-600dpi_S6	20	7882	0.002537427048972342
chr5_119220086-119220275	-	BE3.9max	PRNP-CG2-M-600dpi_S7	12	7463	0.001607932466836393
chr5_119220086-119220275	-	BE3.9max	PRNP-CG3-M-600dpi_S8	31	7786	0.003981505265861803
chr5_119220086-119220275	-	BE3.9max	PRNP-CI4-F-600dpi_S9	33	8647	0.0038163524921938246
chr5_119220086-119220275	-	BE3.9max	PRNP-CI5-F-600dpi_S10	17	8114	0.0020951441952181413
chr5_119220086-119220275	-	none	PRNP-75204-1-F-600dpi_S1	18	7201	0.0024996528259963896
chr5_119220086-119220275	-	none	PRNP-76261-3-M-600dpi_S2	13	6942	0.0018726591760299626
chr5_119220086-119220275	-	none	PRNP-78546-2-M-600dpi_S3	26	7826	0.0033222591362126247
chr5_119220086-119220275	-	none	PRNP-88849-3-M-600dpi_S4	19	6886	0.002759221609061865
chr5_119220086-119220275	-	none	PRNP-88850-1-F-600dpi_S5	27	6800	0.003970588235294117
chr5_123457646-123457835	+	BE3.9max	PRNP-CG1-M-600dpi_S6	23	9584	0.0023998330550918196
chr5_123457646-123457835	+	BE3.9max	PRNP-CG2-M-600dpi_S7	22	9322	0.0023600085818493884
chr5_123457646-123457835	+	BE3.9max	PRNP-CG3-M-600dpi_S8	22	9325	0.0023592493297587133
chr5_123457646-123457835	+	BE3.9max	PRNP-CI4-F-600dpi_S9	20	10204	0.001960015680125441
chr5_123457646-123457835	+	BE3.9max	PRNP-CI5-F-600dpi_S10	23	10025	0.00229426433915212
chr5_123457646-123457835	+	none	PRNP-75204-1-F-600dpi_S1	23	8889	0.0025874676566542917
chr5_123457646-123457835	+	none	PRNP-76261-3-M-600dpi_S2	12	9452	0.0012695725772323319
chr5_123457646-123457835	+	none	PRNP-78546-2-M-600dpi_S3	20	10428	0.0019179133103183737
chr5_123457646-123457835	+	none	PRNP-88849-3-M-600dpi_S4	15	9699	0.001546551190844417
chr5_123457646-123457835	+	none	PRNP-88850-1-F-600dpi_S5	26	10284	0.002528199144301828
chr5_136040022-136040183	-	BE3.9max	PRNP-CG1-M-600dpi_S6	9	3642	0.002471169686985173
chr5_136040022-136040183	-	BE3.9max	PRNP-CG2-M-600dpi_S7	11	4224	0.0026041666666666665
chr5_136040022-136040183	-	BE3.9max	PRNP-CG3-M-600dpi_S8	19	3709	0.005122674575357239
chr5_136040022-136040183	-	BE3.9max	PRNP-CI4-F-600dpi_S9	10	4360	0.0022935779816513763
chr5_136040022-136040183	-	BE3.9max	PRNP-CI5-F-600dpi_S10	18	4516	0.003985828166519044
chr5_136040022-136040183	-	none	PRNP-75204-1-F-600dpi_S1	17	4230	0.004018912529550827
chr5_136040022-136040183	-	none	PRNP-76261-3-M-600dpi_S2	12	3330	0.0036036036036036037
chr5_136040022-136040183	-	none	PRNP-78546-2-M-600dpi_S3	13	4431	0.002933874971789664
chr5_136040022-136040183	-	none	PRNP-88849-3-M-600dpi_S4	11	4092	0.002688172043010753
chr5_136040022-136040183	-	none	PRNP-88850-1-F-600dpi_S5	11	4037	0.0027247956403269754
chr5_27480436-27480617	-	BE3.9max	PRNP-CG1-M-600dpi_S6	60	17657	0.0033980857450302995
chr5_27480436-27480617	-	BE3.9max	PRNP-CG2-M-600dpi_S7	72	15759	0.004568817818389492
chr5_27480436-27480617	-	BE3.9max	PRNP-CG3-M-600dpi_S8	62	16805	0.0036893781612615294
chr5_27480436-27480617	-	BE3.9max	PRNP-CI4-F-600dpi_S9	93	18370	0.005062602068590092
chr5_27480436-27480617	-	BE3.9max	PRNP-CI5-F-600dpi_S10	65	17440	0.0037270642201834864
chr5_27480436-27480617	-	none	PRNP-75204-1-F-600dpi_S1	61	16600	0.003674698795180723
chr5_27480436-27480617	-	none	PRNP-76261-3-M-600dpi_S2	57	16140	0.0035315985130111526
chr5_27480436-27480617	-	none	PRNP-78546-2-M-600dpi_S3	80	17307	0.004622407118506962
chr5_27480436-27480617	-	none	PRNP-88849-3-M-600dpi_S4	62	15787	0.003927281940837398
chr5_27480436-27480617	-	none	PRNP-88850-1-F-600dpi_S5	58	16743	0.0034641342650659976
chr5_28083542-28083704	+	BE3.9max	PRNP-CG1-M-600dpi_S6	8	3392	0.0023584905660377358
chr5_28083542-28083704	+	BE3.9max	PRNP-CG2-M-600dpi_S7	14	2420	0.005785123966942148
chr5_28083542-28083704	+	BE3.9max	PRNP-CG3-M-600dpi_S8	15	3165	0.004739336492890996
chr5_28083542-28083704	+	BE3.9max	PRNP-CI4-F-600dpi_S9	17	3695	0.004600811907983762
chr5_28083542-28083704	+	BE3.9max	PRNP-CI5-F-600dpi_S10	20	3654	0.005473453749315818
chr5_28083542-28083704	+	none	PRNP-75204-1-F-600dpi_S1	21	3683	0.005701873472712463
chr5_28083542-28083704	+	none	PRNP-76261-3-M-600dpi_S2	7	3064	0.0022845953002610967
chr5_28083542-28083704	+	none	PRNP-78546-2-M-600dpi_S3	13	3345	0.0038863976083707025
chr5_28083542-28083704	+	none	PRNP-88849-3-M-600dpi_S4	10	2804	0.003566333808844508
chr5_28083542-28083704	+	none	PRNP-88850-1-F-600dpi_S5	10	3185	0.0031397174254317113
chr5_67214627-67214846	+	BE3.9max	PRNP-CG1-M-600dpi_S6	43	9914	0.004337300786766189
chr5_67214627-67214846	+	BE3.9max	PRNP-CG2-M-600dpi_S7	40	8544	0.0046816479400749065
chr5_67214627-67214846	+	BE3.9max	PRNP-CG3-M-600dpi_S8	32	8789	0.0036409147798384346
chr5_67214627-67214846	+	BE3.9max	PRNP-CI4-F-600dpi_S9	30	9458	0.0031719179530556143
chr5_67214627-67214846	+	BE3.9max	PRNP-CI5-F-600dpi_S10	37	9330	0.0039657020364415865
chr5_67214627-67214846	+	none	PRNP-75204-1-F-600dpi_S1	24	7712	0.0031120331950207467
chr5_67214627-67214846	+	none	PRNP-76261-3-M-600dpi_S2	26	6705	0.003877703206562267
chr5_67214627-67214846	+	none	PRNP-78546-2-M-600dpi_S3	33	7596	0.004344391785150079
chr5_67214627-67214846	+	none	PRNP-88849-3-M-600dpi_S4	23	6643	0.00346229113352401
chr5_67214627-67214846	+	none	PRNP-88850-1-F-600dpi_S5	30	5863	0.005116834385127068
chr5_92349481-92349710	+	BE3.9max	PRNP-CG1-M-600dpi_S6	37	8405	0.004402141582391434
chr5_92349481-92349710	+	BE3.9max	PRNP-CG2-M-600dpi_S7	32	7945	0.004027690371302706
chr5_92349481-92349710	+	BE3.9max	PRNP-CG3-M-600dpi_S8	29	8573	0.003382713169252304
chr5_92349481-92349710	+	BE3.9max	PRNP-CI4-F-600dpi_S9	19	6830	0.0027818448023426063
chr5_92349481-92349710	+	BE3.9max	PRNP-CI5-F-600dpi_S10	34	8544	0.003979400749063671
chr5_92349481-92349710	+	none	PRNP-75204-1-F-600dpi_S1	22	8060	0.002729528535980149
chr5_92349481-92349710	+	none	PRNP-76261-3-M-600dpi_S2	56	10135	0.005525407005426739
chr5_92349481-92349710	+	none	PRNP-78546-2-M-600dpi_S3	39	10233	0.0038111990618586926
chr5_92349481-92349710	+	none	PRNP-88849-3-M-600dpi_S4	38	9668	0.003930492345883326
chr5_92349481-92349710	+	none	PRNP-88850-1-F-600dpi_S5	42	11180	0.0037567084078711987
chr6_127307909-127308102	-	BE3.9max	PRNP-CG1-M-600dpi_S6	27	9913	0.0027236961565620904
chr6_127307909-127308102	-	BE3.9max	PRNP-CG2-M-600dpi_S7	31	8797	0.003523928612026827
chr6_127307909-127308102	-	BE3.9max	PRNP-CG3-M-600dpi_S8	33	9655	0.0034179181771103054
chr6_127307909-127308102	-	BE3.9max	PRNP-CI4-F-600dpi_S9	36	10212	0.0035252643948296123
chr6_127307909-127308102	-	BE3.9max	PRNP-CI5-F-600dpi_S10	29	9792	0.0029616013071895424
chr6_127307909-127308102	-	none	PRNP-75204-1-F-600dpi_S1	20	8508	0.0023507287259050304
chr6_127307909-127308102	-	none	PRNP-76261-3-M-600dpi_S2	26	8397	0.0030963439323567943
chr6_127307909-127308102	-	none	PRNP-78546-2-M-600dpi_S3	22	8675	0.002536023054755043
chr6_127307909-127308102	-	none	PRNP-88849-3-M-600dpi_S4	18	8023	0.002243549794341269
chr6_127307909-127308102	-	none	PRNP-88850-1-F-600dpi_S5	31	8158	0.0037999509683746017
chr6_133859819-133860012	+	BE3.9max	PRNP-CG1-M-600dpi_S6	13	4609	0.0028205684530266868
chr6_133859819-133860012	+	BE3.9max	PRNP-CG2-M-600dpi_S7	7	4425	0.0015819209039548022
chr6_133859819-133860012	+	BE3.9max	PRNP-CG3-M-600dpi_S8	9	4202	0.002141837220371252
chr6_133859819-133860012	+	BE3.9max	PRNP-CI4-F-600dpi_S9	19	3936	0.004827235772357724
chr6_133859819-133860012	+	BE3.9max	PRNP-CI5-F-600dpi_S10	18	4921	0.003657793131477342
chr6_133859819-133860012	+	none	PRNP-75204-1-F-600dpi_S1	22	4990	0.004408817635270541
chr6_133859819-133860012	+	none	PRNP-76261-3-M-600dpi_S2	10	4261	0.002346866932644919
chr6_133859819-133860012	+	none	PRNP-78546-2-M-600dpi_S3	13	4532	0.0028684907325684027
chr6_133859819-133860012	+	none	PRNP-88849-3-M-600dpi_S4	19	4007	0.004741702021462441
chr6_133859819-133860012	+	none	PRNP-88850-1-F-600dpi_S5	16	4214	0.0037968675842429997
chr6_136264046-136264277	-	BE3.9max	PRNP-CG1-M-600dpi_S6	21	4369	0.004806591897459373
chr6_136264046-136264277	-	BE3.9max	PRNP-CG2-M-600dpi_S7	24	4048	0.005928853754940711
chr6_136264046-136264277	-	BE3.9max	PRNP-CG3-M-600dpi_S8	31	3859	0.008033169214822493
chr6_136264046-136264277	-	BE3.9max	PRNP-CI4-F-600dpi_S9	23	3690	0.006233062330623307
chr6_136264046-136264277	-	BE3.9max	PRNP-CI5-F-600dpi_S10	19	4242	0.004479019330504479
chr6_136264046-136264277	-	none	PRNP-75204-1-F-600dpi_S1	41	7643	0.00536438571241659
chr6_136264046-136264277	-	none	PRNP-76261-3-M-600dpi_S2	24	7748	0.003097573567372225
chr6_136264046-136264277	-	none	PRNP-78546-2-M-600dpi_S3	44	7970	0.005520702634880803
chr6_136264046-136264277	-	none	PRNP-88849-3-M-600dpi_S4	39	7801	0.004999359056531214
chr6_136264046-136264277	-	none	PRNP-88850-1-F-600dpi_S5	25	7890	0.0031685678073510772
chr7_111704209-111704381	-	BE3.9max	PRNP-CG1-M-600dpi_S6	49	12789	0.0038314176245210726
chr7_111704209-111704381	-	BE3.9max	PRNP-CG2-M-600dpi_S7	38	11411	0.0033301200595916222
chr7_111704209-111704381	-	BE3.9max	PRNP-CG3-M-600dpi_S8	38	12267	0.0030977419091872504
chr7_111704209-111704381	-	BE3.9max	PRNP-CI4-F-600dpi_S9	51	13972	0.003650157457772688
chr7_111704209-111704381	-	BE3.9max	PRNP-CI5-F-600dpi_S10	36	13501	0.002666469150433301
chr7_111704209-111704381	-	none	PRNP-75204-1-F-600dpi_S1	29	11082	0.0026168561631474464
chr7_111704209-111704381	-	none	PRNP-76261-3-M-600dpi_S2	39	10730	0.003634669151910531
chr7_111704209-111704381	-	none	PRNP-78546-2-M-600dpi_S3	43	11463	0.0037511995114716916
chr7_111704209-111704381	-	none	PRNP-88849-3-M-600dpi_S4	41	10210	0.004015670910871695
chr7_111704209-111704381	-	none	PRNP-88850-1-F-600dpi_S5	41	10740	0.003817504655493482
chr7_133222940-133223156	+	BE3.9max	PRNP-CG1-M-600dpi_S6	45	11552	0.0038954293628808865
chr7_133222940-133223156	+	BE3.9max	PRNP-CG2-M-600dpi_S7	25	10733	0.0023292648840026087
chr7_133222940-133223156	+	BE3.9max	PRNP-CG3-M-600dpi_S8	37	10521	0.003516775971865792
chr7_133222940-133223156	+	BE3.9max	PRNP-CI4-F-600dpi_S9	35	10092	0.003468093539437178
chr7_133222940-133223156	+	BE3.9max	PRNP-CI5-F-600dpi_S10	30	10761	0.0027878449958182324
chr7_133222940-133223156	+	none	PRNP-75204-1-F-600dpi_S1	22	10648	0.002066115702479339
chr7_133222940-133223156	+	none	PRNP-76261-3-M-600dpi_S2	33	10411	0.0031697243300355393
chr7_133222940-133223156	+	none	PRNP-78546-2-M-600dpi_S3	34	10665	0.0031879981247069857
chr7_133222940-133223156	+	none	PRNP-88849-3-M-600dpi_S4	20	10088	0.0019825535289452814
chr7_133222940-133223156	+	none	PRNP-88850-1-F-600dpi_S5	37	10756	0.0034399404983265153
chr7_143405677-143405856	+	BE3.9max	PRNP-CG1-M-600dpi_S6	19	4065	0.004674046740467405
chr7_143405677-143405856	+	BE3.9max	PRNP-CG2-M-600dpi_S7	21	3361	0.006248140434394526
chr7_143405677-143405856	+	BE3.9max	PRNP-CG3-M-600dpi_S8	29	3856	0.007520746887966805
chr7_143405677-143405856	+	BE3.9max	PRNP-CI4-F-600dpi_S9	28	4521	0.0061933200619332
chr7_143405677-143405856	+	BE3.9max	PRNP-CI5-F-600dpi_S10	18	3709	0.004853060124022647
chr7_143405677-143405856	+	none	PRNP-75204-1-F-600dpi_S1	14	3222	0.004345127250155183
chr7_143405677-143405856	+	none	PRNP-76261-3-M-600dpi_S2	16	3509	0.004559703619264748
chr7_143405677-143405856	+	none	PRNP-78546-2-M-600dpi_S3	22	3784	0.005813953488372093
chr7_143405677-143405856	+	none	PRNP-88849-3-M-600dpi_S4	19	3166	0.006001263423878711
chr7_143405677-143405856	+	none	PRNP-88850-1-F-600dpi_S5	21	3059	0.006864988558352402
chr7_47704271-47704434	-	BE3.9max	PRNP-CG1-M-600dpi_S6	6	2622	0.002288329519450801
chr7_47704271-47704434	-	BE3.9max	PRNP-CG2-M-600dpi_S7	10	2006	0.004985044865403789
chr7_47704271-47704434	-	BE3.9max	PRNP-CG3-M-600dpi_S8	7	2631	0.0026605853287723297
chr7_47704271-47704434	-	BE3.9max	PRNP-CI4-F-600dpi_S9	4	2686	0.0014892032762472078
chr7_47704271-47704434	-	BE3.9max	PRNP-CI5-F-600dpi_S10	5	2331	0.002145002145002145
chr7_47704271-47704434	-	none	PRNP-75204-1-F-600dpi_S1	3	1515	0.0019801980198019802
chr7_47704271-47704434	-	none	PRNP-76261-3-M-600dpi_S2	3	1486	0.002018842530282638
chr7_47704271-47704434	-	none	PRNP-78546-2-M-600dpi_S3	7	1519	0.004608294930875576
chr7_47704271-47704434	-	none	PRNP-88849-3-M-600dpi_S4	6	1354	0.004431314623338257
chr7_47704271-47704434	-	none	PRNP-88850-1-F-600dpi_S5	5	1272	0.003930817610062893
chr8_103143317-103143556	-	BE3.9max	PRNP-CG1-M-600dpi_S6	25	7503	0.0033320005331200853
chr8_103143317-103143556	-	BE3.9max	PRNP-CG2-M-600dpi_S7	22	6859	0.0032074646449919814
chr8_103143317-103143556	-	BE3.9max	PRNP-CG3-M-600dpi_S8	24	6328	0.0037926675094816687
chr8_103143317-103143556	-	BE3.9max	PRNP-CI4-F-600dpi_S9	23	6151	0.0037392293935945373
chr8_103143317-103143556	-	BE3.9max	PRNP-CI5-F-600dpi_S10	20	7095	0.0028188865398167725
chr8_103143317-103143556	-	none	PRNP-75204-1-F-600dpi_S1	30	6957	0.004312203536006899
chr8_103143317-103143556	-	none	PRNP-76261-3-M-600dpi_S2	24	6977	0.003439873871291386
chr8_103143317-103143556	-	none	PRNP-78546-2-M-600dpi_S3	31	7404	0.004186925985953539
chr8_103143317-103143556	-	none	PRNP-88849-3-M-600dpi_S4	24	7410	0.0032388663967611335
chr8_103143317-103143556	-	none	PRNP-88850-1-F-600dpi_S5	30	7147	0.0041975654120610046
chr8_103485362-103485601	+	BE3.9max	PRNP-CG1-M-600dpi_S6	41	8912	0.004600538599640934
chr8_103485362-103485601	+	BE3.9max	PRNP-CG2-M-600dpi_S7	28	8602	0.0032550569634968614
chr8_103485362-103485601	+	BE3.9max	PRNP-CG3-M-600dpi_S8	49	7939	0.006172061972540622
chr8_103485362-103485601	+	BE3.9max	PRNP-CI4-F-600dpi_S9	31	7498	0.004134435849559883
chr8_103485362-103485601	+	BE3.9max	PRNP-CI5-F-600dpi_S10	47	8275	0.0056797583081571
chr8_103485362-103485601	+	none	PRNP-75204-1-F-600dpi_S1	26	7733	0.003362213888529678
chr8_103485362-103485601	+	none	PRNP-76261-3-M-600dpi_S2	29	8362	0.003468069839751256
chr8_103485362-103485601	+	none	PRNP-78546-2-M-600dpi_S3	32	8401	0.003809070348768004
chr8_103485362-103485601	+	none	PRNP-88849-3-M-600dpi_S4	48	8251	0.005817476669494607
chr8_103485362-103485601	+	none	PRNP-88850-1-F-600dpi_S5	46	7989	0.005757917136062086
chr8_119830749-119830913	+	BE3.9max	PRNP-CG1-M-600dpi_S6	121	25115	0.004817837945450926
chr8_119830749-119830913	+	BE3.9max	PRNP-CG2-M-600dpi_S7	150	23456	0.0063949522510231924
chr8_119830749-119830913	+	BE3.9max	PRNP-CG3-M-600dpi_S8	134	23880	0.005611390284757119
chr8_119830749-119830913	+	BE3.9max	PRNP-CI4-F-600dpi_S9	158	31138	0.005074185882201811
chr8_119830749-119830913	+	BE3.9max	PRNP-CI5-F-600dpi_S10	132	25184	0.005241423125794155
chr8_119830749-119830913	+	none	PRNP-75204-1-F-600dpi_S1	107	20051	0.005336392199890279
chr8_119830749-119830913	+	none	PRNP-76261-3-M-600dpi_S2	112	21469	0.005216824258232801
chr8_119830749-119830913	+	none	PRNP-78546-2-M-600dpi_S3	118	22645	0.005210863325237359
chr8_119830749-119830913	+	none	PRNP-88849-3-M-600dpi_S4	109	19588	0.005564631406983868
chr8_119830749-119830913	+	none	PRNP-88850-1-F-600dpi_S5	94	21028	0.0044702301692980785
chr8_126188646-126188887	+	BE3.9max	PRNP-CG1-M-600dpi_S6	21	6632	0.003166465621230398
chr8_126188646-126188887	+	BE3.9max	PRNP-CG2-M-600dpi_S7	16	6511	0.0024573798187682385
chr8_126188646-126188887	+	BE3.9max	PRNP-CG3-M-600dpi_S8	16	5693	0.002810468997013877
chr8_126188646-126188887	+	BE3.9max	PRNP-CI4-F-600dpi_S9	24	5718	0.004197271773347324
chr8_126188646-126188887	+	BE3.9max	PRNP-CI5-F-600dpi_S10	25	6638	0.003766194636938837
chr8_126188646-126188887	+	none	PRNP-75204-1-F-600dpi_S1	20	6128	0.0032637075718015664
chr8_126188646-126188887	+	none	PRNP-76261-3-M-600dpi_S2	18	6391	0.002816460647785949
chr8_126188646-126188887	+	none	PRNP-78546-2-M-600dpi_S3	30	6548	0.004581551618814905
chr8_126188646-126188887	+	none	PRNP-88849-3-M-600dpi_S4	19	6107	0.003111183887342394
chr8_126188646-126188887	+	none	PRNP-88850-1-F-600dpi_S5	30	6582	0.004557885141294439
chr8_41583648-41583813	-	BE3.9max	PRNP-CG1-M-600dpi_S6	40	8870	0.004509582863585118
chr8_41583648-41583813	-	BE3.9max	PRNP-CG2-M-600dpi_S7	31	7645	0.004054937867887508
chr8_41583648-41583813	-	BE3.9max	PRNP-CG3-M-600dpi_S8	36	8873	0.004057252338555167
chr8_41583648-41583813	-	BE3.9max	PRNP-CI4-F-600dpi_S9	34	9541	0.003563567760192852
chr8_41583648-41583813	-	BE3.9max	PRNP-CI5-F-600dpi_S10	44	9795	0.004492087799897907
chr8_41583648-41583813	-	none	PRNP-75204-1-F-600dpi_S1	39	8135	0.004794099569760295
chr8_41583648-41583813	-	none	PRNP-76261-3-M-600dpi_S2	33	7031	0.0046935002133409185
chr8_41583648-41583813	-	none	PRNP-78546-2-M-600dpi_S3	30	8973	0.003343363423604146
chr8_41583648-41583813	-	none	PRNP-88849-3-M-600dpi_S4	38	7697	0.004936988437053398
chr8_41583648-41583813	-	none	PRNP-88850-1-F-600dpi_S5	36	6728	0.00535077288941736
chr8_88987876-88988052	+	BE3.9max	PRNP-CG1-M-600dpi_S6	34	12141	0.002800428300798946
chr8_88987876-88988052	+	BE3.9max	PRNP-CG2-M-600dpi_S7	30	10324	0.002905850445563735
chr8_88987876-88988052	+	BE3.9max	PRNP-CG3-M-600dpi_S8	49	11457	0.004276861307497599
chr8_88987876-88988052	+	BE3.9max	PRNP-CI4-F-600dpi_S9	45	11837	0.0038016389287826306
chr8_88987876-88988052	+	BE3.9max	PRNP-CI5-F-600dpi_S10	27	11671	0.002313426441607403
chr8_88987876-88988052	+	none	PRNP-75204-1-F-600dpi_S1	25	10686	0.002339509638779712
chr8_88987876-88988052	+	none	PRNP-76261-3-M-600dpi_S2	33	10098	0.0032679738562091504
chr8_88987876-88988052	+	none	PRNP-78546-2-M-600dpi_S3	34	10721	0.0031713459565339054
chr8_88987876-88988052	+	none	PRNP-88849-3-M-600dpi_S4	29	9651	0.003004869961662004
chr8_88987876-88988052	+	none	PRNP-88850-1-F-600dpi_S5	40	9512	0.004205214465937763
chr8_94889916-94890149	+	BE3.9max	PRNP-CG1-M-600dpi_S6	38	5968	0.006367292225201072
chr8_94889916-94890149	+	BE3.9max	PRNP-CG2-M-600dpi_S7	39	6011	0.006488105140575611
chr8_94889916-94890149	+	BE3.9max	PRNP-CG3-M-600dpi_S8	35	5893	0.005939249957576786
chr8_94889916-94890149	+	BE3.9max	PRNP-CI4-F-600dpi_S9	40	6348	0.00630119722747322
chr8_94889916-94890149	+	BE3.9max	PRNP-CI5-F-600dpi_S10	48	6288	0.007633587786259542
chr8_94889916-94890149	+	none	PRNP-75204-1-F-600dpi_S1	40	5624	0.007112375533428165
chr8_94889916-94890149	+	none	PRNP-76261-3-M-600dpi_S2	32	6175	0.005182186234817814
chr8_94889916-94890149	+	none	PRNP-78546-2-M-600dpi_S3	30	6460	0.0046439628482972135
chr8_94889916-94890149	+	none	PRNP-88849-3-M-600dpi_S4	37	6131	0.006034904583265372
chr8_94889916-94890149	+	none	PRNP-88850-1-F-600dpi_S5	32	6137	0.005214274075281082
chr9_102992936-102993147	-	BE3.9max	PRNP-CG1-M-600dpi_S6	19	6923	0.002744474938610429
chr9_102992936-102993147	-	BE3.9max	PRNP-CG2-M-600dpi_S7	30	7127	0.004209344745334643
chr9_102992936-102993147	-	BE3.9max	PRNP-CG3-M-600dpi_S8	23	6485	0.0035466461063993833
chr9_102992936-102993147	-	BE3.9max	PRNP-CI4-F-600dpi_S9	19	7116	0.0026700393479482856
chr9_102992936-102993147	-	BE3.9max	PRNP-CI5-F-600dpi_S10	15	6913	0.0021698249674526253
chr9_102992936-102993147	-	none	PRNP-75204-1-F-600dpi_S1	10	5389	0.0018556318426424198
chr9_102992936-102993147	-	none	PRNP-76261-3-M-600dpi_S2	17	6439	0.0026401615157633173
chr9_102992936-102993147	-	none	PRNP-78546-2-M-600dpi_S3	17	5836	0.0029129540781357094
chr9_102992936-102993147	-	none	PRNP-88849-3-M-600dpi_S4	17	5643	0.003012581959950381
chr9_102992936-102993147	-	none	PRNP-88850-1-F-600dpi_S5	21	5724	0.003668763102725367
chr9_118758414-118758609	+	BE3.9max	PRNP-CG1-M-600dpi_S6	85	15018	0.005659874816886403
chr9_118758414-118758609	+	BE3.9max	PRNP-CG2-M-600dpi_S7	76	12427	0.0061157157801561115
chr9_118758414-118758609	+	BE3.9max	PRNP-CG3-M-600dpi_S8	84	14151	0.005935976256094976
chr9_118758414-118758609	+	BE3.9max	PRNP-CI4-F-600dpi_S9	98	15050	0.0065116279069767444
chr9_118758414-118758609	+	BE3.9max	PRNP-CI5-F-600dpi_S10	80	14468	0.00552944429084877
chr9_118758414-118758609	+	none	PRNP-75204-1-F-600dpi_S1	75	13081	0.005733506612644293
chr9_118758414-118758609	+	none	PRNP-76261-3-M-600dpi_S2	68	13318	0.0051058717525153926
chr9_118758414-118758609	+	none	PRNP-78546-2-M-600dpi_S3	73	13956	0.005230725136142161
chr9_118758414-118758609	+	none	PRNP-88849-3-M-600dpi_S4	77	12732	0.00604775369148602
chr9_118758414-118758609	+	none	PRNP-88850-1-F-600dpi_S5	80	12726	0.006286342920006287
chr9_18834538-18834779	-	BE3.9max	PRNP-CG1-M-600dpi_S6	32	4559	0.007019083132265848
chr9_18834538-18834779	-	BE3.9max	PRNP-CG2-M-600dpi_S7	19	4698	0.004044274159216688
chr9_18834538-18834779	-	BE3.9max	PRNP-CG3-M-600dpi_S8	29	4124	0.007032007759456838
chr9_18834538-18834779	-	BE3.9max	PRNP-CI4-F-600dpi_S9	25	3336	0.00749400479616307
chr9_18834538-18834779	-	BE3.9max	PRNP-CI5-F-600dpi_S10	26	4030	0.0064516129032258064
chr9_18834538-18834779	-	none	PRNP-75204-1-F-600dpi_S1	15	4227	0.0035486160397444995
chr9_18834538-18834779	-	none	PRNP-76261-3-M-600dpi_S2	25	4735	0.005279831045406547
chr9_18834538-18834779	-	none	PRNP-78546-2-M-600dpi_S3	27	4936	0.00547001620745543
chr9_18834538-18834779	-	none	PRNP-88849-3-M-600dpi_S4	20	4628	0.00432152117545376
chr9_18834538-18834779	-	none	PRNP-88850-1-F-600dpi_S5	27	4260	0.006338028169014085
chr9_36581513-36581754	+	BE3.9max	PRNP-CG1-M-600dpi_S6	19	3879	0.004898169631348285
chr9_36581513-36581754	+	BE3.9max	PRNP-CG2-M-600dpi_S7	10	4123	0.002425418384671356
chr9_36581513-36581754	+	BE3.9max	PRNP-CG3-M-600dpi_S8	12	3647	0.003290375651220181
chr9_36581513-36581754	+	BE3.9max	PRNP-CI4-F-600dpi_S9	10	3184	0.00314070351758794
chr9_36581513-36581754	+	BE3.9max	PRNP-CI5-F-600dpi_S10	16	3986	0.004014049172102358
chr9_36581513-36581754	+	none	PRNP-75204-1-F-600dpi_S1	14	4823	0.002902757619738752
chr9_36581513-36581754	+	none	PRNP-76261-3-M-600dpi_S2	27	4921	0.005486689697216013
chr9_36581513-36581754	+	none	PRNP-78546-2-M-600dpi_S3	22	5083	0.0043281526657485735
chr9_36581513-36581754	+	none	PRNP-88849-3-M-600dpi_S4	24	4832	0.004966887417218543
chr9_36581513-36581754	+	none	PRNP-88850-1-F-600dpi_S5	22	5115	0.004301075268817204
chr9_46466622-46466793	+	BE3.9max	PRNP-CG1-M-600dpi_S6	13	3790	0.003430079155672823
chr9_46466622-46466793	+	BE3.9max	PRNP-CG2-M-600dpi_S7	16	3739	0.004279219042524739
chr9_46466622-46466793	+	BE3.9max	PRNP-CG3-M-600dpi_S8	15	3935	0.0038119440914866584
chr9_46466622-46466793	+	BE3.9max	PRNP-CI4-F-600dpi_S9	9	4434	0.0020297699594046007
chr9_46466622-46466793	+	BE3.9max	PRNP-CI5-F-600dpi_S10	12	4136	0.0029013539651837525
chr9_46466622-46466793	+	none	PRNP-75204-1-F-600dpi_S1	10	3683	0.0027151778441487917
chr9_46466622-46466793	+	none	PRNP-76261-3-M-600dpi_S2	14	3161	0.004428978171464726
chr9_46466622-46466793	+	none	PRNP-78546-2-M-600dpi_S3	14	4024	0.0034791252485089465
chr9_46466622-46466793	+	none	PRNP-88849-3-M-600dpi_S4	12	3365	0.003566121842496285
chr9_46466622-46466793	+	none	PRNP-88850-1-F-600dpi_S5	11	3472	0.0031682027649769587
chr9_58436125-58436357	-	BE3.9max	PRNP-CG1-M-600dpi_S6	367	8331	0.044052334653703035
chr9_58436125-58436357	-	BE3.9max	PRNP-CG2-M-600dpi_S7	637	8369	0.07611423109093082
chr9_58436125-58436357	-	BE3.9max	PRNP-CG3-M-600dpi_S8	723	7298	0.09906823787338997
chr9_58436125-58436357	-	BE3.9max	PRNP-CI4-F-600dpi_S9	648	7662	0.08457321848081441
chr9_58436125-58436357	-	BE3.9max	PRNP-CI5-F-600dpi_S10	571	7643	0.07470888394609447
chr9_58436125-58436357	-	none	PRNP-75204-1-F-600dpi_S1	38	7511	0.005059246438556784
chr9_58436125-58436357	-	none	PRNP-76261-3-M-600dpi_S2	34	8172	0.0041605482134116495
chr9_58436125-58436357	-	none	PRNP-78546-2-M-600dpi_S3	46	8145	0.005647636586863106
chr9_58436125-58436357	-	none	PRNP-88849-3-M-600dpi_S4	30	7759	0.0038664776388709883
chr9_58436125-58436357	-	none	PRNP-88850-1-F-600dpi_S5	36	8258	0.004359409057883265
chr9_78028346-78028570	+	BE3.9max	PRNP-CG1-M-600dpi_S6	3	930	0.0032258064516129032
chr9_78028346-78028570	+	BE3.9max	PRNP-CG2-M-600dpi_S7	0	1363	0
chr9_78028346-78028570	+	BE3.9max	PRNP-CG3-M-600dpi_S8	5	942	0.005307855626326964
chr9_78028346-78028570	+	BE3.9max	PRNP-CI4-F-600dpi_S9	3	863	0.0034762456546929316
chr9_78028346-78028570	+	BE3.9max	PRNP-CI5-F-600dpi_S10	3	1210	0.0024793388429752068
chr9_78028346-78028570	+	none	PRNP-75204-1-F-600dpi_S1	3	1249	0.0024019215372297837
chr9_78028346-78028570	+	none	PRNP-76261-3-M-600dpi_S2	2	1190	0.0016806722689075631
chr9_78028346-78028570	+	none	PRNP-78546-2-M-600dpi_S3	3	1426	0.0021037868162692847
chr9_78028346-78028570	+	none	PRNP-88849-3-M-600dpi_S4	1	1598	6.257822277847309e-4
chr9_78028346-78028570	+	none	PRNP-88850-1-F-600dpi_S5	4	1599	0.0025015634771732333
chrX_13448114-13448287	+	BE3.9max	PRNP-CG1-M-600dpi_S6	18	6235	0.0028869286287089013
chrX_13448114-13448287	+	BE3.9max	PRNP-CG2-M-600dpi_S7	23	5917	0.0038871049518336997
chrX_13448114-13448287	+	BE3.9max	PRNP-CG3-M-600dpi_S8	25	6570	0.00380517503805175
chrX_13448114-13448287	+	BE3.9max	PRNP-CI4-F-600dpi_S9	40	11192	0.0035739814152966403
chrX_13448114-13448287	+	BE3.9max	PRNP-CI5-F-600dpi_S10	30	10610	0.002827521206409048
chrX_13448114-13448287	+	none	PRNP-75204-1-F-600dpi_S1	27	9029	0.00299036438143759
chrX_13448114-13448287	+	none	PRNP-76261-3-M-600dpi_S2	16	5797	0.0027600483008452647
chrX_13448114-13448287	+	none	PRNP-78546-2-M-600dpi_S3	17	6400	0.00265625
chrX_13448114-13448287	+	none	PRNP-88849-3-M-600dpi_S4	22	5933	0.003708073487274566
chrX_13448114-13448287	+	none	PRNP-88850-1-F-600dpi_S5	28	8708	0.003215434083601286
