CHROM	POS	ID	REF	ALT	QUAL	FILTER	INFO
17	2031428	17_2031428_C_T	C	T	.	.	.
17	2031431	17_2031431_C_T	C	T	.	.	.
17	2031436	17_2031436_C_T	C	T	.	.	.
17	2031437	17_2031437_C_T	C	T	.	.	.
17	2031438	17_2031438_C_T	C	T	.	.	.
17	2031443	17_2031443_C_T	C	T	.	.	.
11	3938507	11_3938507_G_A	G	A	.	.	.
11	3938506	11_3938506_G_A	G	A	.	.	.
11	3938502	11_3938502_G_A	G	A	.	.	.
11	3938501	11_3938501_G_A	G	A	.	.	.
11	3938500	11_3938500_G_A	G	A	.	.	.
11	3938495	11_3938495_G_A	G	A	.	.	.
11	60615935	11_60615935_G_A	G	A	.	.	.
11	60615932	11_60615932_G_A	G	A	.	.	.
11	60615931	11_60615931_G_A	G	A	.	.	.
11	60615927	11_60615927_G_A	G	A	.	.	.
11	60615926	11_60615926_G_A	G	A	.	.	.
11	60615920	11_60615920_G_A	G	A	.	.	.
7	158897920	7_158897920_G_A	G	A	.	.	.
7	158897917	7_158897917_G_A	G	A	.	.	.
7	158897916	7_158897916_G_A	G	A	.	.	.
7	158897912	7_158897912_G_A	G	A	.	.	.
7	158897910	7_158897910_G_A	G	A	.	.	.
7	158897905	7_158897905_G_A	G	A	.	.	.
7	150095011	7_150095011_G_A	G	A	.	.	.
7	150095008	7_150095008_G_A	G	A	.	.	.
7	150095007	7_150095007_G_A	G	A	.	.	.
7	150095005	7_150095005_G_A	G	A	.	.	.
7	150095003	7_150095003_G_A	G	A	.	.	.
7	150095001	7_150095001_G_A	G	A	.	.	.
7	150094996	7_150094996_G_A	G	A	.	.	.
7	150094994	7_150094994_G_A	G	A	.	.	.
18	11041955	18_11041955_G_A	G	A	.	.	.
18	11041947	18_11041947_G_A	G	A	.	.	.
18	11041946	18_11041946_G_A	G	A	.	.	.
18	11041940	18_11041940_G_A	G	A	.	.	.
8	144793313	8_144793313_G_A	G	A	.	.	.
8	144793310	8_144793310_G_A	G	A	.	.	.
8	144793309	8_144793309_G_A	G	A	.	.	.
8	144793305	8_144793305_G_A	G	A	.	.	.
8	144793304	8_144793304_G_A	G	A	.	.	.
8	144793303	8_144793303_G_A	G	A	.	.	.
8	144793298	8_144793298_G_A	G	A	.	.	.
17	77652178	17_77652178_G_A	G	A	.	.	.
17	77652175	17_77652175_G_A	G	A	.	.	.
17	77652174	17_77652174_G_A	G	A	.	.	.
17	77652170	17_77652170_G_A	G	A	.	.	.
17	77652169	17_77652169_G_A	G	A	.	.	.
17	77652163	17_77652163_G_A	G	A	.	.	.
17	77652161	17_77652161_G_A	G	A	.	.	.
X	111466077	X_111466077_G_A	G	A	.	.	.
X	111466074	X_111466074_G_A	G	A	.	.	.
X	111466067	X_111466067_G_A	G	A	.	.	.
X	111466066	X_111466066_G_A	G	A	.	.	.
X	111466060	X_111466060_G_A	G	A	.	.	.
4	81105468	4_81105468_G_A	G	A	.	.	.
4	81105465	4_81105465_G_A	G	A	.	.	.
4	81105461	4_81105461_G_A	G	A	.	.	.
4	81105460	4_81105460_G_A	G	A	.	.	.
4	81105459	4_81105459_G_A	G	A	.	.	.
4	81105458	4_81105458_G_A	G	A	.	.	.
4	81105453	4_81105453_G_A	G	A	.	.	.
10	134471327	10_134471327_G_A	G	A	.	.	.
10	134471324	10_134471324_G_A	G	A	.	.	.
10	134471320	10_134471320_G_A	G	A	.	.	.
10	134471319	10_134471319_G_A	G	A	.	.	.
10	134471318	10_134471318_G_A	G	A	.	.	.
10	134471317	10_134471317_G_A	G	A	.	.	.
10	134471312	10_134471312_G_A	G	A	.	.	.
5	139058625	5_139058625_G_A	G	A	.	.	.
5	139058622	5_139058622_G_A	G	A	.	.	.
5	139058621	5_139058621_G_A	G	A	.	.	.
5	139058620	5_139058620_G_A	G	A	.	.	.
5	139058617	5_139058617_G_A	G	A	.	.	.
5	139058616	5_139058616_G_A	G	A	.	.	.
5	139058615	5_139058615_G_A	G	A	.	.	.
5	139058610	5_139058610_G_A	G	A	.	.	.
11	75152448	11_75152448_C_T	C	T	.	.	.
11	75152450	11_75152450_C_T	C	T	.	.	.
11	75152453	11_75152453_C_T	C	T	.	.	.
11	75152454	11_75152454_C_T	C	T	.	.	.
11	75152458	11_75152458_C_T	C	T	.	.	.
11	75152459	11_75152459_C_T	C	T	.	.	.
11	75152460	11_75152460_C_T	C	T	.	.	.
11	75152465	11_75152465_C_T	C	T	.	.	.
20	24480361	20_24480361_G_A	G	A	.	.	.
20	24480358	20_24480358_G_A	G	A	.	.	.
20	24480357	20_24480357_G_A	G	A	.	.	.
20	24480355	20_24480355_G_A	G	A	.	.	.
20	24480352	20_24480352_G_A	G	A	.	.	.
20	24480351	20_24480351_G_A	G	A	.	.	.
20	24480350	20_24480350_G_A	G	A	.	.	.
20	24480346	20_24480346_G_A	G	A	.	.	.
20	16736528	20_16736528_C_T	C	T	.	.	.
20	16736531	20_16736531_C_T	C	T	.	.	.
20	16736536	20_16736536_C_T	C	T	.	.	.
20	16736537	20_16736537_C_T	C	T	.	.	.
20	16736538	20_16736538_C_T	C	T	.	.	.
20	16736543	20_16736543_C_T	C	T	.	.	.
2	233847793	2_233847793_G_A	G	A	.	.	.
2	233847790	2_233847790_G_A	G	A	.	.	.
2	233847789	2_233847789_G_A	G	A	.	.	.
2	233847786	2_233847786_G_A	G	A	.	.	.
2	233847785	2_233847785_G_A	G	A	.	.	.
2	233847784	2_233847784_G_A	G	A	.	.	.
2	233847783	2_233847783_G_A	G	A	.	.	.
2	233847778	2_233847778_G_A	G	A	.	.	.
11	56099460	11_56099460_C_T	C	T	.	.	.
11	56099463	11_56099463_C_T	C	T	.	.	.
11	56099468	11_56099468_C_T	C	T	.	.	.
11	56099469	11_56099469_C_T	C	T	.	.	.
11	56099470	11_56099470_C_T	C	T	.	.	.
11	56099475	11_56099475_C_T	C	T	.	.	.
9	138971952	9_138971952_G_A	G	A	.	.	.
9	138971949	9_138971949_G_A	G	A	.	.	.
9	138971948	9_138971948_G_A	G	A	.	.	.
9	138971946	9_138971946_G_A	G	A	.	.	.
9	138971944	9_138971944_G_A	G	A	.	.	.
9	138971943	9_138971943_G_A	G	A	.	.	.
9	138971942	9_138971942_G_A	G	A	.	.	.
16	31075425	16_31075425_C_T	C	T	.	.	.
16	31075428	16_31075428_C_T	C	T	.	.	.
16	31075429	16_31075429_C_T	C	T	.	.	.
16	31075431	16_31075431_C_T	C	T	.	.	.
16	31075433	16_31075433_C_T	C	T	.	.	.
16	31075435	16_31075435_C_T	C	T	.	.	.
16	31075440	16_31075440_C_T	C	T	.	.	.
16	31075442	16_31075442_C_T	C	T	.	.	.
3	124860343	3_124860343_G_A	G	A	.	.	.
3	124860340	3_124860340_G_A	G	A	.	.	.
3	124860339	3_124860339_G_A	G	A	.	.	.
3	124860337	3_124860337_G_A	G	A	.	.	.
3	124860336	3_124860336_G_A	G	A	.	.	.
3	124860333	3_124860333_G_A	G	A	.	.	.
3	124860332	3_124860332_G_A	G	A	.	.	.
3	124860331	3_124860331_G_A	G	A	.	.	.
3	124860326	3_124860326_G_A	G	A	.	.	.
17	57614	17_57614_G_A	G	A	.	.	.
17	57611	17_57611_G_A	G	A	.	.	.
17	57610	17_57610_G_A	G	A	.	.	.
17	57604	17_57604_G_A	G	A	.	.	.
17	57603	17_57603_G_A	G	A	.	.	.
17	57602	17_57602_G_A	G	A	.	.	.
17	57597	17_57597_G_A	G	A	.	.	.
17	57595	17_57595_G_A	G	A	.	.	.
12	111201643	12_111201643_C_T	C	T	.	.	.
12	111201646	12_111201646_C_T	C	T	.	.	.
12	111201647	12_111201647_C_T	C	T	.	.	.
12	111201652	12_111201652_C_T	C	T	.	.	.
12	111201653	12_111201653_C_T	C	T	.	.	.
12	111201654	12_111201654_C_T	C	T	.	.	.
12	111201660	12_111201660_C_T	C	T	.	.	.
15	40628819	15_40628819_G_A	G	A	.	.	.
15	40628816	15_40628816_G_A	G	A	.	.	.
15	40628811	15_40628811_G_A	G	A	.	.	.
15	40628810	15_40628810_G_A	G	A	.	.	.
15	40628809	15_40628809_G_A	G	A	.	.	.
15	40628804	15_40628804_G_A	G	A	.	.	.
13	72703780	13_72703780_G_A	G	A	.	.	.
13	72703778	13_72703778_G_A	G	A	.	.	.
13	72703777	13_72703777_G_A	G	A	.	.	.
13	72703776	13_72703776_G_A	G	A	.	.	.
13	72703770	13_72703770_G_A	G	A	.	.	.
13	72703769	13_72703769_G_A	G	A	.	.	.
13	72703768	13_72703768_G_A	G	A	.	.	.
13	72703764	13_72703764_G_A	G	A	.	.	.
13	72703763	13_72703763_G_A	G	A	.	.	.
17	79497302	17_79497302_C_T	C	T	.	.	.
17	79497305	17_79497305_C_T	C	T	.	.	.
17	79497310	17_79497310_C_T	C	T	.	.	.
17	79497311	17_79497311_C_T	C	T	.	.	.
17	79497312	17_79497312_C_T	C	T	.	.	.
17	79497317	17_79497317_C_T	C	T	.	.	.
17	79497318	17_79497318_C_T	C	T	.	.	.
16	85661922	16_85661922_C_T	C	T	.	.	.
16	85661925	16_85661925_C_T	C	T	.	.	.
16	85661929	16_85661929_C_T	C	T	.	.	.
16	85661931	16_85661931_C_T	C	T	.	.	.
16	85661932	16_85661932_C_T	C	T	.	.	.
16	85661937	16_85661937_C_T	C	T	.	.	.
3	68015839	3_68015839_G_A	G	A	.	.	.
3	68015836	3_68015836_G_A	G	A	.	.	.
3	68015833	3_68015833_G_A	G	A	.	.	.
3	68015830	3_68015830_G_A	G	A	.	.	.
3	68015829	3_68015829_G_A	G	A	.	.	.
3	68015822	3_68015822_G_A	G	A	.	.	.
10	88344682	10_88344682_C_T	C	T	.	.	.
10	88344685	10_88344685_C_T	C	T	.	.	.
10	88344686	10_88344686_C_T	C	T	.	.	.
10	88344690	10_88344690_C_T	C	T	.	.	.
10	88344691	10_88344691_C_T	C	T	.	.	.
10	88344692	10_88344692_C_T	C	T	.	.	.
10	88344696	10_88344696_C_T	C	T	.	.	.
10	88344697	10_88344697_C_T	C	T	.	.	.
22	42685810	22_42685810_G_A	G	A	.	.	.
22	42685807	22_42685807_G_A	G	A	.	.	.
22	42685802	22_42685802_G_A	G	A	.	.	.
22	42685801	22_42685801_G_A	G	A	.	.	.
22	42685800	22_42685800_G_A	G	A	.	.	.
22	42685795	22_42685795_G_A	G	A	.	.	.
22	42685791	22_42685791_G_A	G	A	.	.	.
2	62368936	2_62368936_C_T	C	T	.	.	.
2	62368937	2_62368937_C_T	C	T	.	.	.
2	62368942	2_62368942_C_T	C	T	.	.	.
2	62368943	2_62368943_C_T	C	T	.	.	.
2	62368948	2_62368948_C_T	C	T	.	.	.
2	62368950	2_62368950_C_T	C	T	.	.	.
1	111032382	1_111032382_G_A	G	A	.	.	.
1	111032379	1_111032379_G_A	G	A	.	.	.
1	111032378	1_111032378_G_A	G	A	.	.	.
1	111032376	1_111032376_G_A	G	A	.	.	.
1	111032373	1_111032373_G_A	G	A	.	.	.
1	111032372	1_111032372_G_A	G	A	.	.	.
1	111032366	1_111032366_G_A	G	A	.	.	.
20	4679971	20_4679971_C_T	C	T	.	.	.
20	4679974	20_4679974_C_T	C	T	.	.	.
20	4679975	20_4679975_C_T	C	T	.	.	.
20	4679980	20_4679980_C_T	C	T	.	.	.
20	4679981	20_4679981_C_T	C	T	.	.	.
20	4679982	20_4679982_C_T	C	T	.	.	.
20	4679987	20_4679987_C_T	C	T	.	.	.
7	143080037	7_143080037_G_A	G	A	.	.	.
7	143080032	7_143080032_G_A	G	A	.	.	.
7	143080031	7_143080031_G_A	G	A	.	.	.
7	143080026	7_143080026_G_A	G	A	.	.	.
7	143080025	7_143080025_G_A	G	A	.	.	.
7	143080019	7_143080019_G_A	G	A	.	.	.
7	1882378	7_1882378_C_T	C	T	.	.	.
7	1882381	7_1882381_C_T	C	T	.	.	.
7	1882382	7_1882382_C_T	C	T	.	.	.
7	1882387	7_1882387_C_T	C	T	.	.	.
7	1882388	7_1882388_C_T	C	T	.	.	.
7	1882389	7_1882389_C_T	C	T	.	.	.
7	1882394	7_1882394_C_T	C	T	.	.	.
7	1882396	7_1882396_C_T	C	T	.	.	.
3	58000381	3_58000381_C_T	C	T	.	.	.
3	58000387	3_58000387_C_T	C	T	.	.	.
3	58000388	3_58000388_C_T	C	T	.	.	.
3	58000389	3_58000389_C_T	C	T	.	.	.
3	58000394	3_58000394_C_T	C	T	.	.	.
3	58000395	3_58000395_C_T	C	T	.	.	.
17	61511431	17_61511431_G_A	G	A	.	.	.
17	61511428	17_61511428_G_A	G	A	.	.	.
17	61511422	17_61511422_G_A	G	A	.	.	.
17	61511421	17_61511421_G_A	G	A	.	.	.
17	61511415	17_61511415_G_A	G	A	.	.	.
17	27228313	17_27228313_C_T	C	T	.	.	.
17	27228319	17_27228319_C_T	C	T	.	.	.
17	27228320	17_27228320_C_T	C	T	.	.	.
17	27228326	17_27228326_C_T	C	T	.	.	.
15	100855423	15_100855423_G_A	G	A	.	.	.
15	100855414	15_100855414_G_A	G	A	.	.	.
15	100855413	15_100855413_G_A	G	A	.	.	.
15	100855407	15_100855407_G_A	G	A	.	.	.
17	79133666	17_79133666_C_T	C	T	.	.	.
17	79133669	17_79133669_C_T	C	T	.	.	.
17	79133670	17_79133670_C_T	C	T	.	.	.
17	79133671	17_79133671_C_T	C	T	.	.	.
17	79133676	17_79133676_C_T	C	T	.	.	.
17	79133677	17_79133677_C_T	C	T	.	.	.
17	79133683	17_79133683_C_T	C	T	.	.	.
12	117452981	12_117452981_C_T	C	T	.	.	.
12	117452982	12_117452982_C_T	C	T	.	.	.
12	117452983	12_117452983_C_T	C	T	.	.	.
12	117452987	12_117452987_C_T	C	T	.	.	.
12	117452989	12_117452989_C_T	C	T	.	.	.
12	117452994	12_117452994_C_T	C	T	.	.	.
17	52382629	17_52382629_G_A	G	A	.	.	.
17	52382626	17_52382626_G_A	G	A	.	.	.
17	52382625	17_52382625_G_A	G	A	.	.	.
17	52382619	17_52382619_G_A	G	A	.	.	.
17	52382613	17_52382613_G_A	G	A	.	.	.
4	57518463	4_57518463_G_A	G	A	.	.	.
4	57518458	4_57518458_G_A	G	A	.	.	.
4	57518457	4_57518457_G_A	G	A	.	.	.
4	57518452	4_57518452_G_A	G	A	.	.	.
4	57518445	4_57518445_G_A	G	A	.	.	.
19	17359457	19_17359457_G_A	G	A	.	.	.
19	17359454	19_17359454_G_A	G	A	.	.	.
19	17359448	19_17359448_G_A	G	A	.	.	.
19	17359447	19_17359447_G_A	G	A	.	.	.
19	17359446	19_17359446_G_A	G	A	.	.	.
19	17359441	19_17359441_G_A	G	A	.	.	.
3	138856745	3_138856745_C_T	C	T	.	.	.
3	138856748	3_138856748_C_T	C	T	.	.	.
3	138856754	3_138856754_C_T	C	T	.	.	.
3	138856755	3_138856755_C_T	C	T	.	.	.
3	138856756	3_138856756_C_T	C	T	.	.	.
3	138856761	3_138856761_C_T	C	T	.	.	.
10	134121360	10_134121360_C_T	C	T	.	.	.
10	134121363	10_134121363_C_T	C	T	.	.	.
10	134121364	10_134121364_C_T	C	T	.	.	.
10	134121369	10_134121369_C_T	C	T	.	.	.
10	134121371	10_134121371_C_T	C	T	.	.	.
10	134121376	10_134121376_C_T	C	T	.	.	.
11	15710753	11_15710753_G_A	G	A	.	.	.
11	15710750	11_15710750_G_A	G	A	.	.	.
11	15710749	11_15710749_G_A	G	A	.	.	.
11	15710744	11_15710744_G_A	G	A	.	.	.
11	15710743	11_15710743_G_A	G	A	.	.	.
11	15710737	11_15710737_G_A	G	A	.	.	.
14	92955944	14_92955944_G_A	G	A	.	.	.
14	92955940	14_92955940_G_A	G	A	.	.	.
14	92955939	14_92955939_G_A	G	A	.	.	.
14	92955934	14_92955934_G_A	G	A	.	.	.
14	92955932	14_92955932_G_A	G	A	.	.	.
14	92955927	14_92955927_G_A	G	A	.	.	.
8	49242559	8_49242559_G_A	G	A	.	.	.
8	49242558	8_49242558_G_A	G	A	.	.	.
8	49242556	8_49242556_G_A	G	A	.	.	.
8	49242550	8_49242550_G_A	G	A	.	.	.
8	49242549	8_49242549_G_A	G	A	.	.	.
8	49242548	8_49242548_G_A	G	A	.	.	.
8	49242543	8_49242543_G_A	G	A	.	.	.
20	1797262	20_1797262_C_T	C	T	.	.	.
20	1797271	20_1797271_C_T	C	T	.	.	.
20	1797272	20_1797272_C_T	C	T	.	.	.
20	1797273	20_1797273_C_T	C	T	.	.	.
20	1797278	20_1797278_C_T	C	T	.	.	.
20	1797280	20_1797280_C_T	C	T	.	.	.
17	40220237	17_40220237_G_A	G	A	.	.	.
17	40220234	17_40220234_G_A	G	A	.	.	.
17	40220233	17_40220233_G_A	G	A	.	.	.
17	40220228	17_40220228_G_A	G	A	.	.	.
17	40220226	17_40220226_G_A	G	A	.	.	.
17	40220221	17_40220221_G_A	G	A	.	.	.
12	122503053	12_122503053_G_A	G	A	.	.	.
12	122503050	12_122503050_G_A	G	A	.	.	.
12	122503049	12_122503049_G_A	G	A	.	.	.
12	122503044	12_122503044_G_A	G	A	.	.	.
12	122503043	12_122503043_G_A	G	A	.	.	.
12	122503042	12_122503042_G_A	G	A	.	.	.
12	122503037	12_122503037_G_A	G	A	.	.	.
3	51567691	3_51567691_G_A	G	A	.	.	.
3	51567690	3_51567690_G_A	G	A	.	.	.
3	51567685	3_51567685_G_A	G	A	.	.	.
3	51567684	3_51567684_G_A	G	A	.	.	.
3	51567678	3_51567678_G_A	G	A	.	.	.
15	66545779	15_66545779_C_T	C	T	.	.	.
15	66545782	15_66545782_C_T	C	T	.	.	.
15	66545783	15_66545783_C_T	C	T	.	.	.
15	66545788	15_66545788_C_T	C	T	.	.	.
15	66545789	15_66545789_C_T	C	T	.	.	.
15	66545790	15_66545790_C_T	C	T	.	.	.
15	66545794	15_66545794_C_T	C	T	.	.	.
15	66545799	15_66545799_C_T	C	T	.	.	.
5	133797349	5_133797349_G_A	G	A	.	.	.
5	133797344	5_133797344_G_A	G	A	.	.	.
5	133797343	5_133797343_G_A	G	A	.	.	.
5	133797342	5_133797342_G_A	G	A	.	.	.
5	133797337	5_133797337_G_A	G	A	.	.	.
18	49218774	18_49218774_G_A	G	A	.	.	.
18	49218771	18_49218771_G_A	G	A	.	.	.
18	49218770	18_49218770_G_A	G	A	.	.	.
18	49218769	18_49218769_G_A	G	A	.	.	.
18	49218763	18_49218763_G_A	G	A	.	.	.
18	49218758	18_49218758_G_A	G	A	.	.	.
6	80657535	6_80657535_G_A	G	A	.	.	.
6	80657534	6_80657534_G_A	G	A	.	.	.
6	80657529	6_80657529_G_A	G	A	.	.	.
6	80657528	6_80657528_G_A	G	A	.	.	.
6	80657527	6_80657527_G_A	G	A	.	.	.
6	80657522	6_80657522_G_A	G	A	.	.	.
15	86628683	15_86628683_G_A	G	A	.	.	.
15	86628680	15_86628680_G_A	G	A	.	.	.
15	86628679	15_86628679_G_A	G	A	.	.	.
15	86628674	15_86628674_G_A	G	A	.	.	.
15	86628673	15_86628673_G_A	G	A	.	.	.
15	86628667	15_86628667_G_A	G	A	.	.	.
5	141663842	5_141663842_G_A	G	A	.	.	.
5	141663839	5_141663839_G_A	G	A	.	.	.
5	141663838	5_141663838_G_A	G	A	.	.	.
5	141663833	5_141663833_G_A	G	A	.	.	.
5	141663832	5_141663832_G_A	G	A	.	.	.
12	95232504	12_95232504_G_A	G	A	.	.	.
12	95232503	12_95232503_G_A	G	A	.	.	.
12	95232500	12_95232500_G_A	G	A	.	.	.
12	95232499	12_95232499_G_A	G	A	.	.	.
12	95232498	12_95232498_G_A	G	A	.	.	.
12	95232494	12_95232494_G_A	G	A	.	.	.
12	95232492	12_95232492_G_A	G	A	.	.	.
12	95232487	12_95232487_G_A	G	A	.	.	.
10	132887632	10_132887632_C_T	C	T	.	.	.
10	132887633	10_132887633_C_T	C	T	.	.	.
10	132887634	10_132887634_C_T	C	T	.	.	.
10	132887637	10_132887637_C_T	C	T	.	.	.
10	132887643	10_132887643_C_T	C	T	.	.	.
10	132887644	10_132887644_C_T	C	T	.	.	.
10	132887645	10_132887645_C_T	C	T	.	.	.
10	132887650	10_132887650_C_T	C	T	.	.	.
12	43070620	12_43070620_G_A	G	A	.	.	.
12	43070619	12_43070619_G_A	G	A	.	.	.
12	43070618	12_43070618_G_A	G	A	.	.	.
12	43070614	12_43070614_G_A	G	A	.	.	.
12	43070613	12_43070613_G_A	G	A	.	.	.
12	43070607	12_43070607_G_A	G	A	.	.	.
1	209423944	1_209423944_G_A	G	A	.	.	.
1	209423939	1_209423939_G_A	G	A	.	.	.
1	209423933	1_209423933_G_A	G	A	.	.	.
1	209423932	1_209423932_G_A	G	A	.	.	.
1	209423926	1_209423926_G_A	G	A	.	.	.
2	62677942	2_62677942_G_A	G	A	.	.	.
2	62677939	2_62677939_G_A	G	A	.	.	.
2	62677938	2_62677938_G_A	G	A	.	.	.
2	62677933	2_62677933_G_A	G	A	.	.	.
2	62677932	2_62677932_G_A	G	A	.	.	.
2	62677927	2_62677927_G_A	G	A	.	.	.
1	2045408	1_2045408_G_A	G	A	.	.	.
1	2045406	1_2045406_G_A	G	A	.	.	.
1	2045405	1_2045405_G_A	G	A	.	.	.
1	2045404	1_2045404_G_A	G	A	.	.	.
1	2045400	1_2045400_G_A	G	A	.	.	.
1	2045399	1_2045399_G_A	G	A	.	.	.
1	2045398	1_2045398_G_A	G	A	.	.	.
1	2045397	1_2045397_G_A	G	A	.	.	.
1	2045392	1_2045392_G_A	G	A	.	.	.
5	132669372	5_132669372_C_T	C	T	.	.	.
5	132669373	5_132669373_C_T	C	T	.	.	.
5	132669378	5_132669378_C_T	C	T	.	.	.
5	132669379	5_132669379_C_T	C	T	.	.	.
5	132669380	5_132669380_C_T	C	T	.	.	.
5	132669385	5_132669385_C_T	C	T	.	.	.
6	33257475	6_33257475_C_T	C	T	.	.	.
6	33257481	6_33257481_C_T	C	T	.	.	.
6	33257482	6_33257482_C_T	C	T	.	.	.
6	33257487	6_33257487_C_T	C	T	.	.	.
15	78984370	15_78984370_G_A	G	A	.	.	.
15	78984365	15_78984365_G_A	G	A	.	.	.
15	78984364	15_78984364_G_A	G	A	.	.	.
15	78984359	15_78984359_G_A	G	A	.	.	.
15	78984358	15_78984358_G_A	G	A	.	.	.
15	78984357	15_78984357_G_A	G	A	.	.	.
15	78984353	15_78984353_G_A	G	A	.	.	.
15	78984352	15_78984352_G_A	G	A	.	.	.
7	8160511	7_8160511_C_T	C	T	.	.	.
7	8160512	7_8160512_C_T	C	T	.	.	.
7	8160517	7_8160517_C_T	C	T	.	.	.
7	8160518	7_8160518_C_T	C	T	.	.	.
7	8160519	7_8160519_C_T	C	T	.	.	.
7	8160524	7_8160524_C_T	C	T	.	.	.
20	61885966	20_61885966_G_A	G	A	.	.	.
20	61885964	20_61885964_G_A	G	A	.	.	.
20	61885961	20_61885961_G_A	G	A	.	.	.
20	61885955	20_61885955_G_A	G	A	.	.	.
20	61885954	20_61885954_G_A	G	A	.	.	.
20	61885953	20_61885953_G_A	G	A	.	.	.
20	61885948	20_61885948_G_A	G	A	.	.	.
8	48995875	8_48995875_C_T	C	T	.	.	.
8	48995876	8_48995876_C_T	C	T	.	.	.
8	48995881	8_48995881_C_T	C	T	.	.	.
8	48995882	8_48995882_C_T	C	T	.	.	.
8	48995888	8_48995888_C_T	C	T	.	.	.
21	46153891	21_46153891_C_T	C	T	.	.	.
21	46153894	21_46153894_C_T	C	T	.	.	.
21	46153900	21_46153900_C_T	C	T	.	.	.
21	46153902	21_46153902_C_T	C	T	.	.	.
21	46153907	21_46153907_C_T	C	T	.	.	.
1	18485015	1_18485015_G_A	G	A	.	.	.
1	18485012	1_18485012_G_A	G	A	.	.	.
1	18485008	1_18485008_G_A	G	A	.	.	.
1	18485006	1_18485006_G_A	G	A	.	.	.
1	18485005	1_18485005_G_A	G	A	.	.	.
1	18485004	1_18485004_G_A	G	A	.	.	.
1	18485000	1_18485000_G_A	G	A	.	.	.
1	18484999	1_18484999_G_A	G	A	.	.	.
X	109246026	X_109246026_C_T	C	T	.	.	.
X	109246029	X_109246029_C_T	C	T	.	.	.
X	109246030	X_109246030_C_T	C	T	.	.	.
X	109246034	X_109246034_C_T	C	T	.	.	.
X	109246035	X_109246035_C_T	C	T	.	.	.
X	109246036	X_109246036_C_T	C	T	.	.	.
X	109246037	X_109246037_C_T	C	T	.	.	.
X	109246042	X_109246042_C_T	C	T	.	.	.
1	198946450	1_198946450_C_T	C	T	.	.	.
1	198946454	1_198946454_C_T	C	T	.	.	.
1	198946455	1_198946455_C_T	C	T	.	.	.
1	198946460	1_198946460_C_T	C	T	.	.	.
1	198946462	1_198946462_C_T	C	T	.	.	.
1	198946467	1_198946467_C_T	C	T	.	.	.
5	138539743	5_138539743_G_A	G	A	.	.	.
5	138539733	5_138539733_G_A	G	A	.	.	.
5	138539727	5_138539727_G_A	G	A	.	.	.
19	1489747	19_1489747_C_T	C	T	.	.	.
19	1489750	19_1489750_C_T	C	T	.	.	.
19	1489756	19_1489756_C_T	C	T	.	.	.
19	1489757	19_1489757_C_T	C	T	.	.	.
19	1489758	19_1489758_C_T	C	T	.	.	.
19	1489759	19_1489759_C_T	C	T	.	.	.
19	1489763	19_1489763_C_T	C	T	.	.	.
1	210794455	1_210794455_G_A	G	A	.	.	.
1	210794449	1_210794449_G_A	G	A	.	.	.
1	210794442	1_210794442_G_A	G	A	.	.	.
6	137113096	6_137113096_C_T	C	T	.	.	.
6	137113099	6_137113099_C_T	C	T	.	.	.
6	137113100	6_137113100_C_T	C	T	.	.	.
6	137113105	6_137113105_C_T	C	T	.	.	.
6	137113106	6_137113106_C_T	C	T	.	.	.
6	137113112	6_137113112_C_T	C	T	.	.	.
6	137113115	6_137113115_C_T	C	T	.	.	.
3	135161946	3_135161946_C_T	C	T	.	.	.
3	135161956	3_135161956_C_T	C	T	.	.	.
3	135161957	3_135161957_C_T	C	T	.	.	.
3	135161962	3_135161962_C_T	C	T	.	.	.
1	32538533	1_32538533_C_T	C	T	.	.	.
1	32538535	1_32538535_C_T	C	T	.	.	.
1	32538538	1_32538538_C_T	C	T	.	.	.
1	32538544	1_32538544_C_T	C	T	.	.	.
1	32538545	1_32538545_C_T	C	T	.	.	.
1	32538546	1_32538546_C_T	C	T	.	.	.
1	32538551	1_32538551_C_T	C	T	.	.	.
17	40847723	17_40847723_G_A	G	A	.	.	.
17	40847719	17_40847719_G_A	G	A	.	.	.
17	40847714	17_40847714_G_A	G	A	.	.	.
17	40847713	17_40847713_G_A	G	A	.	.	.
17	40847712	17_40847712_G_A	G	A	.	.	.
17	40847707	17_40847707_G_A	G	A	.	.	.
17	40847706	17_40847706_G_A	G	A	.	.	.
1	27293542	1_27293542_G_A	G	A	.	.	.
1	27293539	1_27293539_G_A	G	A	.	.	.
1	27293533	1_27293533_G_A	G	A	.	.	.
1	27293532	1_27293532_G_A	G	A	.	.	.
1	27293531	1_27293531_G_A	G	A	.	.	.
18	29580917	18_29580917_C_T	C	T	.	.	.
18	29580918	18_29580918_C_T	C	T	.	.	.
18	29580923	18_29580923_C_T	C	T	.	.	.
18	29580924	18_29580924_C_T	C	T	.	.	.
18	29580925	18_29580925_C_T	C	T	.	.	.
18	29580930	18_29580930_C_T	C	T	.	.	.
18	74171200	18_74171200_G_A	G	A	.	.	.
18	74171199	18_74171199_G_A	G	A	.	.	.
18	74171194	18_74171194_G_A	G	A	.	.	.
18	74171192	18_74171192_G_A	G	A	.	.	.
18	74171187	18_74171187_G_A	G	A	.	.	.
4	89348764	4_89348764_C_T	C	T	.	.	.
4	89348770	4_89348770_C_T	C	T	.	.	.
4	89348771	4_89348771_C_T	C	T	.	.	.
4	89348772	4_89348772_C_T	C	T	.	.	.
4	89348777	4_89348777_C_T	C	T	.	.	.
17	76301042	17_76301042_G_A	G	A	.	.	.
17	76301039	17_76301039_G_A	G	A	.	.	.
17	76301038	17_76301038_G_A	G	A	.	.	.
17	76301033	17_76301033_G_A	G	A	.	.	.
17	76301032	17_76301032_G_A	G	A	.	.	.
17	76301031	17_76301031_G_A	G	A	.	.	.
17	76301026	17_76301026_G_A	G	A	.	.	.
14	74706086	14_74706086_G_A	G	A	.	.	.
14	74706083	14_74706083_G_A	G	A	.	.	.
14	74706082	14_74706082_G_A	G	A	.	.	.
14	74706078	14_74706078_G_A	G	A	.	.	.
14	74706076	14_74706076_G_A	G	A	.	.	.
14	74706075	14_74706075_G_A	G	A	.	.	.
14	74706070	14_74706070_G_A	G	A	.	.	.
14	74706069	14_74706069_G_A	G	A	.	.	.
15	89124640	15_89124640_G_A	G	A	.	.	.
15	89124639	15_89124639_G_A	G	A	.	.	.
15	89124638	15_89124638_G_A	G	A	.	.	.
15	89124634	15_89124634_G_A	G	A	.	.	.
15	89124633	15_89124633_G_A	G	A	.	.	.
15	89124632	15_89124632_G_A	G	A	.	.	.
15	89124628	15_89124628_G_A	G	A	.	.	.
15	89124627	15_89124627_G_A	G	A	.	.	.
20	49574833	20_49574833_C_T	C	T	.	.	.
20	49574836	20_49574836_C_T	C	T	.	.	.
20	49574837	20_49574837_C_T	C	T	.	.	.
20	49574840	20_49574840_C_T	C	T	.	.	.
20	49574842	20_49574842_C_T	C	T	.	.	.
20	49574843	20_49574843_C_T	C	T	.	.	.
20	49574844	20_49574844_C_T	C	T	.	.	.
20	49574848	20_49574848_C_T	C	T	.	.	.
20	49574849	20_49574849_C_T	C	T	.	.	.
4	53991824	4_53991824_C_T	C	T	.	.	.
4	53991830	4_53991830_C_T	C	T	.	.	.
4	53991831	4_53991831_C_T	C	T	.	.	.
4	53991837	4_53991837_C_T	C	T	.	.	.
20	60983959	20_60983959_G_A	G	A	.	.	.
20	60983957	20_60983957_G_A	G	A	.	.	.
20	60983954	20_60983954_G_A	G	A	.	.	.
20	60983953	20_60983953_G_A	G	A	.	.	.
20	60983949	20_60983949_G_A	G	A	.	.	.
20	60983948	20_60983948_G_A	G	A	.	.	.
20	60983947	20_60983947_G_A	G	A	.	.	.
20	60983946	20_60983946_G_A	G	A	.	.	.
20	60983941	20_60983941_G_A	G	A	.	.	.
20	60983940	20_60983940_G_A	G	A	.	.	.
20	60983939	20_60983939_G_A	G	A	.	.	.
22	19136731	22_19136731_C_T	C	T	.	.	.
22	19136732	22_19136732_C_T	C	T	.	.	.
22	19136735	22_19136735_C_T	C	T	.	.	.
22	19136737	22_19136737_C_T	C	T	.	.	.
22	19136738	22_19136738_C_T	C	T	.	.	.
22	19136739	22_19136739_C_T	C	T	.	.	.
22	19136743	22_19136743_C_T	C	T	.	.	.
22	19136744	22_19136744_C_T	C	T	.	.	.
22	19136746	22_19136746_C_T	C	T	.	.	.
19	1392992	19_1392992_G_A	G	A	.	.	.
19	1392991	19_1392991_G_A	G	A	.	.	.
19	1392989	19_1392989_G_A	G	A	.	.	.
19	1392988	19_1392988_G_A	G	A	.	.	.
19	1392983	19_1392983_G_A	G	A	.	.	.
19	1392982	19_1392982_G_A	G	A	.	.	.
19	1392981	19_1392981_G_A	G	A	.	.	.
19	1392976	19_1392976_G_A	G	A	.	.	.
20	29938486	20_29938486_G_A	G	A	.	.	.
20	29938483	20_29938483_G_A	G	A	.	.	.
20	29938477	20_29938477_G_A	G	A	.	.	.
20	29938476	20_29938476_G_A	G	A	.	.	.
20	29938470	20_29938470_G_A	G	A	.	.	.
16	49890657	16_49890657_G_A	G	A	.	.	.
16	49890652	16_49890652_G_A	G	A	.	.	.
16	49890647	16_49890647_G_A	G	A	.	.	.
16	49890646	16_49890646_G_A	G	A	.	.	.
16	49890645	16_49890645_G_A	G	A	.	.	.
16	49890640	16_49890640_G_A	G	A	.	.	.
16	49890638	16_49890638_G_A	G	A	.	.	.
1	2403988	1_2403988_G_A	G	A	.	.	.
1	2403985	1_2403985_G_A	G	A	.	.	.
1	2403984	1_2403984_G_A	G	A	.	.	.
1	2403982	1_2403982_G_A	G	A	.	.	.
1	2403979	1_2403979_G_A	G	A	.	.	.
1	2403978	1_2403978_G_A	G	A	.	.	.
1	2403977	1_2403977_G_A	G	A	.	.	.
1	2403972	1_2403972_G_A	G	A	.	.	.
4	41937408	4_41937408_C_T	C	T	.	.	.
4	41937409	4_41937409_C_T	C	T	.	.	.
4	41937414	4_41937414_C_T	C	T	.	.	.
4	41937415	4_41937415_C_T	C	T	.	.	.
4	41937416	4_41937416_C_T	C	T	.	.	.
4	41937421	4_41937421_C_T	C	T	.	.	.
4	41937422	4_41937422_C_T	C	T	.	.	.
8	5599802	8_5599802_G_A	G	A	.	.	.
8	5599799	8_5599799_G_A	G	A	.	.	.
8	5599798	8_5599798_G_A	G	A	.	.	.
8	5599793	8_5599793_G_A	G	A	.	.	.
8	5599791	8_5599791_G_A	G	A	.	.	.
8	5599784	8_5599784_G_A	G	A	.	.	.
17	18914384	17_18914384_C_T	C	T	.	.	.
17	18914385	17_18914385_C_T	C	T	.	.	.
17	18914389	17_18914389_C_T	C	T	.	.	.
17	18914394	17_18914394_C_T	C	T	.	.	.
17	18914395	17_18914395_C_T	C	T	.	.	.
17	18914401	17_18914401_C_T	C	T	.	.	.
5	26626670	5_26626670_C_T	C	T	.	.	.
5	26626673	5_26626673_C_T	C	T	.	.	.
5	26626674	5_26626674_C_T	C	T	.	.	.
5	26626679	5_26626679_C_T	C	T	.	.	.
5	26626680	5_26626680_C_T	C	T	.	.	.
5	26626681	5_26626681_C_T	C	T	.	.	.
5	26626686	5_26626686_C_T	C	T	.	.	.
20	8000500	20_8000500_G_A	G	A	.	.	.
20	8000499	20_8000499_G_A	G	A	.	.	.
20	8000496	20_8000496_G_A	G	A	.	.	.
20	8000494	20_8000494_G_A	G	A	.	.	.
20	8000493	20_8000493_G_A	G	A	.	.	.
20	8000492	20_8000492_G_A	G	A	.	.	.
20	8000491	20_8000491_G_A	G	A	.	.	.
20	8000487	20_8000487_G_A	G	A	.	.	.
20	8000484	20_8000484_G_A	G	A	.	.	.
16	545256	16_545256_C_T	C	T	.	.	.
16	545259	16_545259_C_T	C	T	.	.	.
16	545260	16_545260_C_T	C	T	.	.	.
16	545262	16_545262_C_T	C	T	.	.	.
16	545263	16_545263_C_T	C	T	.	.	.
16	545265	16_545265_C_T	C	T	.	.	.
16	545266	16_545266_C_T	C	T	.	.	.
16	545267	16_545267_C_T	C	T	.	.	.
16	545272	16_545272_C_T	C	T	.	.	.
16	545273	16_545273_C_T	C	T	.	.	.
19	55952043	19_55952043_C_T	C	T	.	.	.
19	55952044	19_55952044_C_T	C	T	.	.	.
19	55952046	19_55952046_C_T	C	T	.	.	.
19	55952047	19_55952047_C_T	C	T	.	.	.
19	55952051	19_55952051_C_T	C	T	.	.	.
19	55952052	19_55952052_C_T	C	T	.	.	.
19	55952053	19_55952053_C_T	C	T	.	.	.
19	55952054	19_55952054_C_T	C	T	.	.	.
19	55952060	19_55952060_C_T	C	T	.	.	.
17	45005402	17_45005402_G_A	G	A	.	.	.
17	45005401	17_45005401_G_A	G	A	.	.	.
17	45005398	17_45005398_G_A	G	A	.	.	.
17	45005396	17_45005396_G_A	G	A	.	.	.
17	45005395	17_45005395_G_A	G	A	.	.	.
17	45005389	17_45005389_G_A	G	A	.	.	.
2	8768070	2_8768070_C_T	C	T	.	.	.
2	8768073	2_8768073_C_T	C	T	.	.	.
2	8768074	2_8768074_C_T	C	T	.	.	.
2	8768080	2_8768080_C_T	C	T	.	.	.
2	8768081	2_8768081_C_T	C	T	.	.	.
2	8768086	2_8768086_C_T	C	T	.	.	.
5	52995294	5_52995294_C_T	C	T	.	.	.
5	52995298	5_52995298_C_T	C	T	.	.	.
5	52995303	5_52995303_C_T	C	T	.	.	.
5	52995304	5_52995304_C_T	C	T	.	.	.
5	52995310	5_52995310_C_T	C	T	.	.	.
6	168386909	6_168386909_G_A	G	A	.	.	.
6	168386906	6_168386906_G_A	G	A	.	.	.
6	168386905	6_168386905_G_A	G	A	.	.	.
6	168386901	6_168386901_G_A	G	A	.	.	.
6	168386900	6_168386900_G_A	G	A	.	.	.
6	168386893	6_168386893_G_A	G	A	.	.	.
20	2127815	20_2127815_C_T	C	T	.	.	.
20	2127823	20_2127823_C_T	C	T	.	.	.
20	2127824	20_2127824_C_T	C	T	.	.	.
20	2127825	20_2127825_C_T	C	T	.	.	.
20	2127830	20_2127830_C_T	C	T	.	.	.
20	59827921	20_59827921_C_T	C	T	.	.	.
20	59827926	20_59827926_C_T	C	T	.	.	.
20	59827927	20_59827927_C_T	C	T	.	.	.
20	59827929	20_59827929_C_T	C	T	.	.	.
20	59827932	20_59827932_C_T	C	T	.	.	.
20	59827933	20_59827933_C_T	C	T	.	.	.
20	59827934	20_59827934_C_T	C	T	.	.	.
20	59827939	20_59827939_C_T	C	T	.	.	.
20	59827941	20_59827941_C_T	C	T	.	.	.
6	135818752	6_135818752_C_T	C	T	.	.	.
6	135818757	6_135818757_C_T	C	T	.	.	.
6	135818758	6_135818758_C_T	C	T	.	.	.
6	135818761	6_135818761_C_T	C	T	.	.	.
6	135818763	6_135818763_C_T	C	T	.	.	.
6	135818764	6_135818764_C_T	C	T	.	.	.
6	135818765	6_135818765_C_T	C	T	.	.	.
6	135818770	6_135818770_C_T	C	T	.	.	.
22	30793477	22_30793477_C_T	C	T	.	.	.
22	30793480	22_30793480_C_T	C	T	.	.	.
22	30793481	22_30793481_C_T	C	T	.	.	.
22	30793485	22_30793485_C_T	C	T	.	.	.
22	30793486	22_30793486_C_T	C	T	.	.	.
22	30793487	22_30793487_C_T	C	T	.	.	.
22	30793493	22_30793493_C_T	C	T	.	.	.
2	46183141	2_46183141_G_A	G	A	.	.	.
2	46183139	2_46183139_G_A	G	A	.	.	.
2	46183136	2_46183136_G_A	G	A	.	.	.
2	46183130	2_46183130_G_A	G	A	.	.	.
2	46183129	2_46183129_G_A	G	A	.	.	.
2	46183128	2_46183128_G_A	G	A	.	.	.
2	46183123	2_46183123_G_A	G	A	.	.	.
5	87692325	5_87692325_C_T	C	T	.	.	.
5	87692328	5_87692328_C_T	C	T	.	.	.
5	87692334	5_87692334_C_T	C	T	.	.	.
5	87692341	5_87692341_C_T	C	T	.	.	.
2	20345698	2_20345698_C_T	C	T	.	.	.
2	20345701	2_20345701_C_T	C	T	.	.	.
2	20345702	2_20345702_C_T	C	T	.	.	.
2	20345707	2_20345707_C_T	C	T	.	.	.
2	20345708	2_20345708_C_T	C	T	.	.	.
2	20345709	2_20345709_C_T	C	T	.	.	.
2	20345714	2_20345714_C_T	C	T	.	.	.
7	32459257	7_32459257_G_A	G	A	.	.	.
7	32459256	7_32459256_G_A	G	A	.	.	.
7	32459251	7_32459251_G_A	G	A	.	.	.
7	32459250	7_32459250_G_A	G	A	.	.	.
7	32459249	7_32459249_G_A	G	A	.	.	.
7	32459244	7_32459244_G_A	G	A	.	.	.
15	28008807	15_28008807_C_T	C	T	.	.	.
15	28008810	15_28008810_C_T	C	T	.	.	.
15	28008816	15_28008816_C_T	C	T	.	.	.
15	28008817	15_28008817_C_T	C	T	.	.	.
15	28008818	15_28008818_C_T	C	T	.	.	.
15	28008823	15_28008823_C_T	C	T	.	.	.
15	28008825	15_28008825_C_T	C	T	.	.	.
16	3515854	16_3515854_C_T	C	T	.	.	.
16	3515855	16_3515855_C_T	C	T	.	.	.
16	3515856	16_3515856_C_T	C	T	.	.	.
16	3515857	16_3515857_C_T	C	T	.	.	.
16	3515862	16_3515862_C_T	C	T	.	.	.
16	3515863	16_3515863_C_T	C	T	.	.	.
16	3515864	16_3515864_C_T	C	T	.	.	.
12	133199832	12_133199832_G_A	G	A	.	.	.
12	133199831	12_133199831_G_A	G	A	.	.	.
12	133199826	12_133199826_G_A	G	A	.	.	.
12	133199825	12_133199825_G_A	G	A	.	.	.
12	133199824	12_133199824_G_A	G	A	.	.	.
12	133199819	12_133199819_G_A	G	A	.	.	.
12	3311878	12_3311878_G_A	G	A	.	.	.
12	3311875	12_3311875_G_A	G	A	.	.	.
12	3311874	12_3311874_G_A	G	A	.	.	.
12	3311873	12_3311873_G_A	G	A	.	.	.
12	3311871	12_3311871_G_A	G	A	.	.	.
12	3311869	12_3311869_G_A	G	A	.	.	.
12	3311868	12_3311868_G_A	G	A	.	.	.
12	3311867	12_3311867_G_A	G	A	.	.	.
12	3311866	12_3311866_G_A	G	A	.	.	.
12	3311862	12_3311862_G_A	G	A	.	.	.
22	20194269	22_20194269_C_T	C	T	.	.	.
22	20194271	22_20194271_C_T	C	T	.	.	.
22	20194273	22_20194273_C_T	C	T	.	.	.
22	20194278	22_20194278_C_T	C	T	.	.	.
22	20194279	22_20194279_C_T	C	T	.	.	.
22	20194280	22_20194280_C_T	C	T	.	.	.
22	20194285	22_20194285_C_T	C	T	.	.	.
9	139735694	9_139735694_G_A	G	A	.	.	.
9	139735691	9_139735691_G_A	G	A	.	.	.
9	139735690	9_139735690_G_A	G	A	.	.	.
9	139735685	9_139735685_G_A	G	A	.	.	.
9	139735684	9_139735684_G_A	G	A	.	.	.
9	139735683	9_139735683_G_A	G	A	.	.	.
9	139735678	9_139735678_G_A	G	A	.	.	.
9	139735675	9_139735675_G_A	G	A	.	.	.
12	6420052	12_6420052_C_T	C	T	.	.	.
12	6420055	12_6420055_C_T	C	T	.	.	.
12	6420056	12_6420056_C_T	C	T	.	.	.
12	6420061	12_6420061_C_T	C	T	.	.	.
12	6420062	12_6420062_C_T	C	T	.	.	.
12	6420063	12_6420063_C_T	C	T	.	.	.
12	6420068	12_6420068_C_T	C	T	.	.	.
12	6420069	12_6420069_C_T	C	T	.	.	.
4	78339433	4_78339433_G_A	G	A	.	.	.
4	78339430	4_78339430_G_A	G	A	.	.	.
4	78339429	4_78339429_G_A	G	A	.	.	.
4	78339424	4_78339424_G_A	G	A	.	.	.
4	78339422	4_78339422_G_A	G	A	.	.	.
4	78339417	4_78339417_G_A	G	A	.	.	.
6	160752893	6_160752893_G_A	G	A	.	.	.
6	160752892	6_160752892_G_A	G	A	.	.	.
6	160752886	6_160752886_G_A	G	A	.	.	.
6	160752885	6_160752885_G_A	G	A	.	.	.
6	160752884	6_160752884_G_A	G	A	.	.	.
6	160752879	6_160752879_G_A	G	A	.	.	.
10	102415826	10_102415826_C_T	C	T	.	.	.
10	102415827	10_102415827_C_T	C	T	.	.	.
10	102415829	10_102415829_C_T	C	T	.	.	.
10	102415830	10_102415830_C_T	C	T	.	.	.
10	102415834	10_102415834_C_T	C	T	.	.	.
10	102415835	10_102415835_C_T	C	T	.	.	.
10	102415836	10_102415836_C_T	C	T	.	.	.
10	102415837	10_102415837_C_T	C	T	.	.	.
10	102415842	10_102415842_C_T	C	T	.	.	.
16	89120767	16_89120767_C_T	C	T	.	.	.
16	89120768	16_89120768_C_T	C	T	.	.	.
16	89120771	16_89120771_C_T	C	T	.	.	.
16	89120772	16_89120772_C_T	C	T	.	.	.
16	89120773	16_89120773_C_T	C	T	.	.	.
16	89120774	16_89120774_C_T	C	T	.	.	.
16	89120775	16_89120775_C_T	C	T	.	.	.
16	89120780	16_89120780_C_T	C	T	.	.	.
20	57965723	20_57965723_G_A	G	A	.	.	.
20	57965720	20_57965720_G_A	G	A	.	.	.
20	57965719	20_57965719_G_A	G	A	.	.	.
20	57965713	20_57965713_G_A	G	A	.	.	.
20	57965712	20_57965712_G_A	G	A	.	.	.
20	57965705	20_57965705_G_A	G	A	.	.	.
3	13728723	3_13728723_C_T	C	T	.	.	.
3	13728726	3_13728726_C_T	C	T	.	.	.
3	13728727	3_13728727_C_T	C	T	.	.	.
3	13728729	3_13728729_C_T	C	T	.	.	.
3	13728732	3_13728732_C_T	C	T	.	.	.
3	13728733	3_13728733_C_T	C	T	.	.	.
3	13728734	3_13728734_C_T	C	T	.	.	.
3	13728739	3_13728739_C_T	C	T	.	.	.
5	92909922	5_92909922_C_T	C	T	.	.	.
5	92909925	5_92909925_C_T	C	T	.	.	.
5	92909926	5_92909926_C_T	C	T	.	.	.
5	92909932	5_92909932_C_T	C	T	.	.	.
5	92909939	5_92909939_C_T	C	T	.	.	.
17	73584780	17_73584780_C_T	C	T	.	.	.
17	73584781	17_73584781_C_T	C	T	.	.	.
17	73584783	17_73584783_C_T	C	T	.	.	.
17	73584785	17_73584785_C_T	C	T	.	.	.
17	73584791	17_73584791_C_T	C	T	.	.	.
17	73584792	17_73584792_C_T	C	T	.	.	.
17	73584793	17_73584793_C_T	C	T	.	.	.
17	73584798	17_73584798_C_T	C	T	.	.	.
17	73584799	17_73584799_C_T	C	T	.	.	.
19	2111275	19_2111275_G_A	G	A	.	.	.
19	2111272	19_2111272_G_A	G	A	.	.	.
19	2111271	19_2111271_G_A	G	A	.	.	.
19	2111269	19_2111269_G_A	G	A	.	.	.
19	2111267	19_2111267_G_A	G	A	.	.	.
19	2111266	19_2111266_G_A	G	A	.	.	.
19	2111265	19_2111265_G_A	G	A	.	.	.
19	2111259	19_2111259_G_A	G	A	.	.	.
19	41198758	19_41198758_G_A	G	A	.	.	.
19	41198753	19_41198753_G_A	G	A	.	.	.
19	41198748	19_41198748_G_A	G	A	.	.	.
19	41198747	19_41198747_G_A	G	A	.	.	.
19	41198746	19_41198746_G_A	G	A	.	.	.
19	41198740	19_41198740_G_A	G	A	.	.	.
9	124436715	9_124436715_G_A	G	A	.	.	.
9	124436714	9_124436714_G_A	G	A	.	.	.
9	124436713	9_124436713_G_A	G	A	.	.	.
9	124436710	9_124436710_G_A	G	A	.	.	.
9	124436709	9_124436709_G_A	G	A	.	.	.
9	124436708	9_124436708_G_A	G	A	.	.	.
9	124436706	9_124436706_G_A	G	A	.	.	.
9	124436704	9_124436704_G_A	G	A	.	.	.
9	124436703	9_124436703_G_A	G	A	.	.	.
9	124436702	9_124436702_G_A	G	A	.	.	.
9	124436697	9_124436697_G_A	G	A	.	.	.
16	65407157	16_65407157_G_A	G	A	.	.	.
16	65407154	16_65407154_G_A	G	A	.	.	.
16	65407147	16_65407147_G_A	G	A	.	.	.
16	65407146	16_65407146_G_A	G	A	.	.	.
16	65407141	16_65407141_G_A	G	A	.	.	.
20	62595414	20_62595414_C_T	C	T	.	.	.
20	62595417	20_62595417_C_T	C	T	.	.	.
20	62595418	20_62595418_C_T	C	T	.	.	.
20	62595419	20_62595419_C_T	C	T	.	.	.
20	62595420	20_62595420_C_T	C	T	.	.	.
20	62595423	20_62595423_C_T	C	T	.	.	.
20	62595424	20_62595424_C_T	C	T	.	.	.
20	62595430	20_62595430_C_T	C	T	.	.	.
5	141253969	5_141253969_G_A	G	A	.	.	.
5	141253966	5_141253966_G_A	G	A	.	.	.
5	141253965	5_141253965_G_A	G	A	.	.	.
5	141253960	5_141253960_G_A	G	A	.	.	.
5	141253959	5_141253959_G_A	G	A	.	.	.
5	141253958	5_141253958_G_A	G	A	.	.	.
5	170735583	5_170735583_C_T	C	T	.	.	.
5	170735585	5_170735585_C_T	C	T	.	.	.
5	170735588	5_170735588_C_T	C	T	.	.	.
5	170735589	5_170735589_C_T	C	T	.	.	.
5	170735594	5_170735594_C_T	C	T	.	.	.
5	170735595	5_170735595_C_T	C	T	.	.	.
5	170735596	5_170735596_C_T	C	T	.	.	.
5	170735600	5_170735600_C_T	C	T	.	.	.
5	511725	5_511725_C_T	C	T	.	.	.
5	511730	5_511730_C_T	C	T	.	.	.
5	511731	5_511731_C_T	C	T	.	.	.
5	511736	5_511736_C_T	C	T	.	.	.
5	511737	5_511737_C_T	C	T	.	.	.
5	511738	5_511738_C_T	C	T	.	.	.
5	511743	5_511743_C_T	C	T	.	.	.
5	511745	5_511745_C_T	C	T	.	.	.
16	57660942	16_57660942_G_A	G	A	.	.	.
16	57660941	16_57660941_G_A	G	A	.	.	.
16	57660936	16_57660936_G_A	G	A	.	.	.
16	57660935	16_57660935_G_A	G	A	.	.	.
16	57660929	16_57660929_G_A	G	A	.	.	.
22	41832529	22_41832529_G_A	G	A	.	.	.
22	41832526	22_41832526_G_A	G	A	.	.	.
22	41832525	22_41832525_G_A	G	A	.	.	.
22	41832519	22_41832519_G_A	G	A	.	.	.
22	41832518	22_41832518_G_A	G	A	.	.	.
22	41832513	22_41832513_G_A	G	A	.	.	.
22	41832510	22_41832510_G_A	G	A	.	.	.
2	129769730	2_129769730_C_T	C	T	.	.	.
2	129769733	2_129769733_C_T	C	T	.	.	.
2	129769739	2_129769739_C_T	C	T	.	.	.
2	129769740	2_129769740_C_T	C	T	.	.	.
5	157970990	5_157970990_G_A	G	A	.	.	.
5	157970989	5_157970989_G_A	G	A	.	.	.
5	157970983	5_157970983_G_A	G	A	.	.	.
5	157970982	5_157970982_G_A	G	A	.	.	.
5	157970977	5_157970977_G_A	G	A	.	.	.
9	139294500	9_139294500_G_A	G	A	.	.	.
9	139294493	9_139294493_G_A	G	A	.	.	.
9	139294492	9_139294492_G_A	G	A	.	.	.
9	139294487	9_139294487_G_A	G	A	.	.	.
9	139294486	9_139294486_G_A	G	A	.	.	.
9	139294485	9_139294485_G_A	G	A	.	.	.
10	106536996	10_106536996_C_T	C	T	.	.	.
10	106536997	10_106536997_C_T	C	T	.	.	.
10	106537002	10_106537002_C_T	C	T	.	.	.
10	106537003	10_106537003_C_T	C	T	.	.	.
10	106537004	10_106537004_C_T	C	T	.	.	.
10	106537008	10_106537008_C_T	C	T	.	.	.
11	79682319	11_79682319_G_A	G	A	.	.	.
11	79682318	11_79682318_G_A	G	A	.	.	.
11	79682317	11_79682317_G_A	G	A	.	.	.
11	79682314	11_79682314_G_A	G	A	.	.	.
11	79682313	11_79682313_G_A	G	A	.	.	.
11	79682308	11_79682308_G_A	G	A	.	.	.
11	79682306	11_79682306_G_A	G	A	.	.	.
11	79682301	11_79682301_G_A	G	A	.	.	.
19	34228344	19_34228344_G_A	G	A	.	.	.
19	34228341	19_34228341_G_A	G	A	.	.	.
19	34228340	19_34228340_G_A	G	A	.	.	.
19	34228335	19_34228335_G_A	G	A	.	.	.
19	34228334	19_34228334_G_A	G	A	.	.	.
19	34228333	19_34228333_G_A	G	A	.	.	.
19	34228328	19_34228328_G_A	G	A	.	.	.
20	24872525	20_24872525_C_T	C	T	.	.	.
20	24872528	20_24872528_C_T	C	T	.	.	.
20	24872529	20_24872529_C_T	C	T	.	.	.
20	24872534	20_24872534_C_T	C	T	.	.	.
20	24872536	20_24872536_C_T	C	T	.	.	.
22	45064179	22_45064179_C_T	C	T	.	.	.
22	45064180	22_45064180_C_T	C	T	.	.	.
22	45064181	22_45064181_C_T	C	T	.	.	.
22	45064182	22_45064182_C_T	C	T	.	.	.
22	45064186	22_45064186_C_T	C	T	.	.	.
22	45064187	22_45064187_C_T	C	T	.	.	.
22	45064188	22_45064188_C_T	C	T	.	.	.
22	45064189	22_45064189_C_T	C	T	.	.	.
22	45064194	22_45064194_C_T	C	T	.	.	.
2	30733296	2_30733296_G_A	G	A	.	.	.
2	30733293	2_30733293_G_A	G	A	.	.	.
2	30733292	2_30733292_G_A	G	A	.	.	.
2	30733287	2_30733287_G_A	G	A	.	.	.
2	30733286	2_30733286_G_A	G	A	.	.	.
2	30733280	2_30733280_G_A	G	A	.	.	.
9	129444592	9_129444592_G_A	G	A	.	.	.
9	129444591	9_129444591_G_A	G	A	.	.	.
9	129444588	9_129444588_G_A	G	A	.	.	.
9	129444587	9_129444587_G_A	G	A	.	.	.
9	129444584	9_129444584_G_A	G	A	.	.	.
9	129444582	9_129444582_G_A	G	A	.	.	.
9	129444581	9_129444581_G_A	G	A	.	.	.
9	130154396	9_130154396_C_T	C	T	.	.	.
9	130154397	9_130154397_C_T	C	T	.	.	.
9	130154400	9_130154400_C_T	C	T	.	.	.
9	130154401	9_130154401_C_T	C	T	.	.	.
9	130154402	9_130154402_C_T	C	T	.	.	.
9	130154404	9_130154404_C_T	C	T	.	.	.
9	130154406	9_130154406_C_T	C	T	.	.	.
9	130154407	9_130154407_C_T	C	T	.	.	.
9	130154413	9_130154413_C_T	C	T	.	.	.
X	100060154	X_100060154_C_T	C	T	.	.	.
X	100060157	X_100060157_C_T	C	T	.	.	.
X	100060163	X_100060163_C_T	C	T	.	.	.
X	100060164	X_100060164_C_T	C	T	.	.	.
X	100060165	X_100060165_C_T	C	T	.	.	.
X	100060169	X_100060169_C_T	C	T	.	.	.
X	100060170	X_100060170_C_T	C	T	.	.	.
X	153132449	X_153132449_C_T	C	T	.	.	.
X	153132452	X_153132452_C_T	C	T	.	.	.
X	153132456	X_153132456_C_T	C	T	.	.	.
X	153132458	X_153132458_C_T	C	T	.	.	.
X	153132459	X_153132459_C_T	C	T	.	.	.
X	153132460	X_153132460_C_T	C	T	.	.	.
X	153132465	X_153132465_C_T	C	T	.	.	.
1	203854642	1_203854642_G_A	G	A	.	.	.
1	203854639	1_203854639_G_A	G	A	.	.	.
1	203854633	1_203854633_G_A	G	A	.	.	.
1	203854632	1_203854632_G_A	G	A	.	.	.
1	203854626	1_203854626_G_A	G	A	.	.	.
20	4091681	20_4091681_G_A	G	A	.	.	.
20	4091678	20_4091678_G_A	G	A	.	.	.
20	4091674	20_4091674_G_A	G	A	.	.	.
20	4091672	20_4091672_G_A	G	A	.	.	.
20	4091671	20_4091671_G_A	G	A	.	.	.
20	4091665	20_4091665_G_A	G	A	.	.	.
4	83117897	4_83117897_G_A	G	A	.	.	.
4	83117896	4_83117896_G_A	G	A	.	.	.
4	83117893	4_83117893_G_A	G	A	.	.	.
4	83117891	4_83117891_G_A	G	A	.	.	.
4	83117890	4_83117890_G_A	G	A	.	.	.
4	83117885	4_83117885_G_A	G	A	.	.	.
4	83117884	4_83117884_G_A	G	A	.	.	.
5	83382671	5_83382671_G_A	G	A	.	.	.
5	83382662	5_83382662_G_A	G	A	.	.	.
5	83382661	5_83382661_G_A	G	A	.	.	.
5	83382655	5_83382655_G_A	G	A	.	.	.
5	83382654	5_83382654_G_A	G	A	.	.	.
5	83382653	5_83382653_G_A	G	A	.	.	.
7	100849772	7_100849772_C_T	C	T	.	.	.
7	100849776	7_100849776_C_T	C	T	.	.	.
7	100849782	7_100849782_C_T	C	T	.	.	.
7	100849784	7_100849784_C_T	C	T	.	.	.
7	100849789	7_100849789_C_T	C	T	.	.	.
10	22872316	10_22872316_C_T	C	T	.	.	.
10	22872317	10_22872317_C_T	C	T	.	.	.
10	22872322	10_22872322_C_T	C	T	.	.	.
10	22872323	10_22872323_C_T	C	T	.	.	.
10	22872329	10_22872329_C_T	C	T	.	.	.
10	73422537	10_73422537_G_A	G	A	.	.	.
10	73422533	10_73422533_G_A	G	A	.	.	.
10	73422528	10_73422528_G_A	G	A	.	.	.
10	73422527	10_73422527_G_A	G	A	.	.	.
10	73422526	10_73422526_G_A	G	A	.	.	.
17	47799824	17_47799824_C_T	C	T	.	.	.
17	47799825	17_47799825_C_T	C	T	.	.	.
17	47799827	17_47799827_C_T	C	T	.	.	.
17	47799830	17_47799830_C_T	C	T	.	.	.
17	47799831	17_47799831_C_T	C	T	.	.	.
17	47799832	17_47799832_C_T	C	T	.	.	.
17	47799837	17_47799837_C_T	C	T	.	.	.
17	48755532	17_48755532_C_T	C	T	.	.	.
17	48755535	17_48755535_C_T	C	T	.	.	.
17	48755536	17_48755536_C_T	C	T	.	.	.
17	48755541	17_48755541_C_T	C	T	.	.	.
17	48755542	17_48755542_C_T	C	T	.	.	.
17	48755543	17_48755543_C_T	C	T	.	.	.
17	48755548	17_48755548_C_T	C	T	.	.	.
11	112834295	11_112834295_G_A	G	A	.	.	.
11	112834292	11_112834292_G_A	G	A	.	.	.
11	112834286	11_112834286_G_A	G	A	.	.	.
11	112834285	11_112834285_G_A	G	A	.	.	.
11	112834284	11_112834284_G_A	G	A	.	.	.
11	112834279	11_112834279_G_A	G	A	.	.	.
11	112834278	11_112834278_G_A	G	A	.	.	.
16	5657250	16_5657250_C_T	C	T	.	.	.
16	5657255	16_5657255_C_T	C	T	.	.	.
16	5657261	16_5657261_C_T	C	T	.	.	.
16	5657263	16_5657263_C_T	C	T	.	.	.
16	5657268	16_5657268_C_T	C	T	.	.	.
1	31769179	1_31769179_C_T	C	T	.	.	.
1	31769185	1_31769185_C_T	C	T	.	.	.
1	31769186	1_31769186_C_T	C	T	.	.	.
1	31769187	1_31769187_C_T	C	T	.	.	.
1	31769192	1_31769192_C_T	C	T	.	.	.
1	48672427	1_48672427_G_A	G	A	.	.	.
1	48672424	1_48672424_G_A	G	A	.	.	.
1	48672418	1_48672418_G_A	G	A	.	.	.
1	48672411	1_48672411_G_A	G	A	.	.	.
3	128409269	3_128409269_G_A	G	A	.	.	.
3	128409268	3_128409268_G_A	G	A	.	.	.
3	128409265	3_128409265_G_A	G	A	.	.	.
3	128409264	3_128409264_G_A	G	A	.	.	.
3	128409259	3_128409259_G_A	G	A	.	.	.
3	128409258	3_128409258_G_A	G	A	.	.	.
3	128409252	3_128409252_G_A	G	A	.	.	.
6	159654242	6_159654242_C_T	C	T	.	.	.
6	159654245	6_159654245_C_T	C	T	.	.	.
6	159654246	6_159654246_C_T	C	T	.	.	.
6	159654247	6_159654247_C_T	C	T	.	.	.
6	159654250	6_159654250_C_T	C	T	.	.	.
6	159654252	6_159654252_C_T	C	T	.	.	.
6	159654253	6_159654253_C_T	C	T	.	.	.
6	159654254	6_159654254_C_T	C	T	.	.	.
6	159654259	6_159654259_C_T	C	T	.	.	.
10	5567868	10_5567868_C_T	C	T	.	.	.
10	5567870	10_5567870_C_T	C	T	.	.	.
10	5567871	10_5567871_C_T	C	T	.	.	.
10	5567872	10_5567872_C_T	C	T	.	.	.
10	5567877	10_5567877_C_T	C	T	.	.	.
10	5567878	10_5567878_C_T	C	T	.	.	.
10	5567879	10_5567879_C_T	C	T	.	.	.
10	5567883	10_5567883_C_T	C	T	.	.	.
10	5567884	10_5567884_C_T	C	T	.	.	.
11	260465	11_260465_G_A	G	A	.	.	.
11	260464	11_260464_G_A	G	A	.	.	.
11	260463	11_260463_G_A	G	A	.	.	.
11	260458	11_260458_G_A	G	A	.	.	.
11	260457	11_260457_G_A	G	A	.	.	.
11	260456	11_260456_G_A	G	A	.	.	.
11	260451	11_260451_G_A	G	A	.	.	.
1	145139453	1_145139453_G_A	G	A	.	.	.
1	145139450	1_145139450_G_A	G	A	.	.	.
1	145139449	1_145139449_G_A	G	A	.	.	.
1	145139444	1_145139444_G_A	G	A	.	.	.
1	145139443	1_145139443_G_A	G	A	.	.	.
1	145139442	1_145139442_G_A	G	A	.	.	.
1	145139438	1_145139438_G_A	G	A	.	.	.
1	145139437	1_145139437_G_A	G	A	.	.	.
1	22971811	1_22971811_G_A	G	A	.	.	.
1	22971810	1_22971810_G_A	G	A	.	.	.
1	22971807	1_22971807_G_A	G	A	.	.	.
1	22971804	1_22971804_G_A	G	A	.	.	.
1	22971801	1_22971801_G_A	G	A	.	.	.
1	22971800	1_22971800_G_A	G	A	.	.	.
1	22971799	1_22971799_G_A	G	A	.	.	.
1	22971794	1_22971794_G_A	G	A	.	.	.
20	3154299	20_3154299_C_T	C	T	.	.	.
20	3154302	20_3154302_C_T	C	T	.	.	.
20	3154303	20_3154303_C_T	C	T	.	.	.
20	3154308	20_3154308_C_T	C	T	.	.	.
20	3154309	20_3154309_C_T	C	T	.	.	.
20	3154310	20_3154310_C_T	C	T	.	.	.
20	3154314	20_3154314_C_T	C	T	.	.	.
5	54523406	5_54523406_G_A	G	A	.	.	.
5	54523401	5_54523401_G_A	G	A	.	.	.
5	54523400	5_54523400_G_A	G	A	.	.	.
5	54523399	5_54523399_G_A	G	A	.	.	.
5	54523394	5_54523394_G_A	G	A	.	.	.
10	87388741	10_87388741_C_T	C	T	.	.	.
10	87388744	10_87388744_C_T	C	T	.	.	.
10	87388745	10_87388745_C_T	C	T	.	.	.
10	87388746	10_87388746_C_T	C	T	.	.	.
10	87388751	10_87388751_C_T	C	T	.	.	.
10	87388752	10_87388752_C_T	C	T	.	.	.
10	87388757	10_87388757_C_T	C	T	.	.	.
12	124511585	12_124511585_C_T	C	T	.	.	.
12	124511588	12_124511588_C_T	C	T	.	.	.
12	124511589	12_124511589_C_T	C	T	.	.	.
12	124511593	12_124511593_C_T	C	T	.	.	.
12	124511594	12_124511594_C_T	C	T	.	.	.
12	124511595	12_124511595_C_T	C	T	.	.	.
12	124511596	12_124511596_C_T	C	T	.	.	.
13	65536711	13_65536711_G_A	G	A	.	.	.
13	65536708	13_65536708_G_A	G	A	.	.	.
13	65536701	13_65536701_G_A	G	A	.	.	.
13	65536700	13_65536700_G_A	G	A	.	.	.
13	65536695	13_65536695_G_A	G	A	.	.	.
19	18536067	19_18536067_G_A	G	A	.	.	.
19	18536066	19_18536066_G_A	G	A	.	.	.
19	18536065	19_18536065_G_A	G	A	.	.	.
19	18536064	19_18536064_G_A	G	A	.	.	.
19	18536062	19_18536062_G_A	G	A	.	.	.
19	18536060	19_18536060_G_A	G	A	.	.	.
19	18536059	19_18536059_G_A	G	A	.	.	.
19	18536058	19_18536058_G_A	G	A	.	.	.
19	18536053	19_18536053_G_A	G	A	.	.	.
19	18536051	19_18536051_G_A	G	A	.	.	.
1	115300512	1_115300512_G_A	G	A	.	.	.
1	115300506	1_115300506_G_A	G	A	.	.	.
1	115300505	1_115300505_G_A	G	A	.	.	.
1	115300504	1_115300504_G_A	G	A	.	.	.
1	119549581	1_119549581_C_T	C	T	.	.	.
1	119549584	1_119549584_C_T	C	T	.	.	.
1	119549585	1_119549585_C_T	C	T	.	.	.
1	119549587	1_119549587_C_T	C	T	.	.	.
1	119549588	1_119549588_C_T	C	T	.	.	.
1	119549590	1_119549590_C_T	C	T	.	.	.
1	119549592	1_119549592_C_T	C	T	.	.	.
1	119549597	1_119549597_C_T	C	T	.	.	.
1	34586975	1_34586975_G_A	G	A	.	.	.
1	34586966	1_34586966_G_A	G	A	.	.	.
1	34586965	1_34586965_G_A	G	A	.	.	.
1	34586964	1_34586964_G_A	G	A	.	.	.
1	34586959	1_34586959_G_A	G	A	.	.	.
2	234382218	2_234382218_C_T	C	T	.	.	.
2	234382220	2_234382220_C_T	C	T	.	.	.
2	234382221	2_234382221_C_T	C	T	.	.	.
2	234382227	2_234382227_C_T	C	T	.	.	.
2	234382228	2_234382228_C_T	C	T	.	.	.
2	234382229	2_234382229_C_T	C	T	.	.	.
2	234382233	2_234382233_C_T	C	T	.	.	.
5	175085129	5_175085129_C_T	C	T	.	.	.
5	175085134	5_175085134_C_T	C	T	.	.	.
5	175085135	5_175085135_C_T	C	T	.	.	.
5	175085140	5_175085140_C_T	C	T	.	.	.
5	175085141	5_175085141_C_T	C	T	.	.	.
5	175085142	5_175085142_C_T	C	T	.	.	.
5	175085144	5_175085144_C_T	C	T	.	.	.
5	175085147	5_175085147_C_T	C	T	.	.	.
5	175085150	5_175085150_C_T	C	T	.	.	.
7	6687886	7_6687886_C_T	C	T	.	.	.
7	6687889	7_6687889_C_T	C	T	.	.	.
7	6687890	7_6687890_C_T	C	T	.	.	.
7	6687893	7_6687893_C_T	C	T	.	.	.
7	6687894	7_6687894_C_T	C	T	.	.	.
7	6687895	7_6687895_C_T	C	T	.	.	.
7	6687896	7_6687896_C_T	C	T	.	.	.
7	6687897	7_6687897_C_T	C	T	.	.	.
7	6687902	7_6687902_C_T	C	T	.	.	.
7	6687904	7_6687904_C_T	C	T	.	.	.
8	95960768	8_95960768_C_T	C	T	.	.	.
8	95960769	8_95960769_C_T	C	T	.	.	.
8	95960775	8_95960775_C_T	C	T	.	.	.
8	95960776	8_95960776_C_T	C	T	.	.	.
8	95960781	8_95960781_C_T	C	T	.	.	.
8	95960783	8_95960783_C_T	C	T	.	.	.
9	38278619	9_38278619_C_T	C	T	.	.	.
9	38278622	9_38278622_C_T	C	T	.	.	.
9	38278623	9_38278623_C_T	C	T	.	.	.
9	38278626	9_38278626_C_T	C	T	.	.	.
9	38278628	9_38278628_C_T	C	T	.	.	.
9	38278635	9_38278635_C_T	C	T	.	.	.
11	63998114	11_63998114_C_T	C	T	.	.	.
11	63998117	11_63998117_C_T	C	T	.	.	.
11	63998123	11_63998123_C_T	C	T	.	.	.
11	63998124	11_63998124_C_T	C	T	.	.	.
11	63998125	11_63998125_C_T	C	T	.	.	.
11	63998130	11_63998130_C_T	C	T	.	.	.
12	109702840	12_109702840_G_A	G	A	.	.	.
12	109702834	12_109702834_G_A	G	A	.	.	.
12	109702831	12_109702831_G_A	G	A	.	.	.
12	109702830	12_109702830_G_A	G	A	.	.	.
12	109702829	12_109702829_G_A	G	A	.	.	.
12	109702824	12_109702824_G_A	G	A	.	.	.
12	128641727	12_128641727_C_T	C	T	.	.	.
12	128641732	12_128641732_C_T	C	T	.	.	.
12	128641733	12_128641733_C_T	C	T	.	.	.
12	128641734	12_128641734_C_T	C	T	.	.	.
12	128641738	12_128641738_C_T	C	T	.	.	.
12	128641739	12_128641739_C_T	C	T	.	.	.
17	76350078	17_76350078_G_A	G	A	.	.	.
17	76350077	17_76350077_G_A	G	A	.	.	.
17	76350072	17_76350072_G_A	G	A	.	.	.
17	76350071	17_76350071_G_A	G	A	.	.	.
17	76350070	17_76350070_G_A	G	A	.	.	.
19	17650387	19_17650387_G_A	G	A	.	.	.
19	17650382	19_17650382_G_A	G	A	.	.	.
19	17650381	19_17650381_G_A	G	A	.	.	.
19	17650376	19_17650376_G_A	G	A	.	.	.
19	17650374	19_17650374_G_A	G	A	.	.	.
19	17650369	19_17650369_G_A	G	A	.	.	.
1	2725058	1_2725058_C_T	C	T	.	.	.
1	2725062	1_2725062_C_T	C	T	.	.	.
1	2725065	1_2725065_C_T	C	T	.	.	.
1	2725067	1_2725067_C_T	C	T	.	.	.
1	2725068	1_2725068_C_T	C	T	.	.	.
1	2725069	1_2725069_C_T	C	T	.	.	.
1	2725075	1_2725075_C_T	C	T	.	.	.
1	2725076	1_2725076_C_T	C	T	.	.	.
1	48187114	1_48187114_C_T	C	T	.	.	.
1	48187117	1_48187117_C_T	C	T	.	.	.
1	48187118	1_48187118_C_T	C	T	.	.	.
1	48187123	1_48187123_C_T	C	T	.	.	.
1	48187124	1_48187124_C_T	C	T	.	.	.
1	48187125	1_48187125_C_T	C	T	.	.	.
1	48187130	1_48187130_C_T	C	T	.	.	.
2	109527396	2_109527396_C_T	C	T	.	.	.
2	109527397	2_109527397_C_T	C	T	.	.	.
2	109527400	2_109527400_C_T	C	T	.	.	.
2	109527402	2_109527402_C_T	C	T	.	.	.
2	109527403	2_109527403_C_T	C	T	.	.	.
2	109527409	2_109527409_C_T	C	T	.	.	.
2	119604027	2_119604027_G_A	G	A	.	.	.
2	119604025	2_119604025_G_A	G	A	.	.	.
2	119604024	2_119604024_G_A	G	A	.	.	.
2	119604018	2_119604018_G_A	G	A	.	.	.
2	119604017	2_119604017_G_A	G	A	.	.	.
2	119604016	2_119604016_G_A	G	A	.	.	.
2	119604011	2_119604011_G_A	G	A	.	.	.
2	119604009	2_119604009_G_A	G	A	.	.	.
3	133970997	3_133970997_G_A	G	A	.	.	.
3	133970994	3_133970994_G_A	G	A	.	.	.
3	133970991	3_133970991_G_A	G	A	.	.	.
3	133970989	3_133970989_G_A	G	A	.	.	.
3	133970988	3_133970988_G_A	G	A	.	.	.
3	133970987	3_133970987_G_A	G	A	.	.	.
3	133970986	3_133970986_G_A	G	A	.	.	.
3	133970981	3_133970981_G_A	G	A	.	.	.
3	133970979	3_133970979_G_A	G	A	.	.	.
3	138211425	3_138211425_C_T	C	T	.	.	.
3	138211432	3_138211432_C_T	C	T	.	.	.
3	138211434	3_138211434_C_T	C	T	.	.	.
3	138211435	3_138211435_C_T	C	T	.	.	.
3	138211436	3_138211436_C_T	C	T	.	.	.
3	138211441	3_138211441_C_T	C	T	.	.	.
3	58629000	3_58629000_G_A	G	A	.	.	.
3	58628997	3_58628997_G_A	G	A	.	.	.
3	58628994	3_58628994_G_A	G	A	.	.	.
3	58628991	3_58628991_G_A	G	A	.	.	.
3	58628984	3_58628984_G_A	G	A	.	.	.
3	58628983	3_58628983_G_A	G	A	.	.	.
4	2066207	4_2066207_C_T	C	T	.	.	.
4	2066210	4_2066210_C_T	C	T	.	.	.
4	2066215	4_2066215_C_T	C	T	.	.	.
4	2066216	4_2066216_C_T	C	T	.	.	.
4	2066217	4_2066217_C_T	C	T	.	.	.
4	2066222	4_2066222_C_T	C	T	.	.	.
4	2066223	4_2066223_C_T	C	T	.	.	.
4	2066227	4_2066227_C_T	C	T	.	.	.
5	16678977	5_16678977_G_A	G	A	.	.	.
5	16678973	5_16678973_G_A	G	A	.	.	.
5	16678967	5_16678967_G_A	G	A	.	.	.
5	16678966	5_16678966_G_A	G	A	.	.	.
5	16678965	5_16678965_G_A	G	A	.	.	.
5	16678960	5_16678960_G_A	G	A	.	.	.
6	16760655	6_16760655_G_A	G	A	.	.	.
6	16760652	6_16760652_G_A	G	A	.	.	.
6	16760651	6_16760651_G_A	G	A	.	.	.
6	16760649	6_16760649_G_A	G	A	.	.	.
6	16760648	6_16760648_G_A	G	A	.	.	.
6	16760646	6_16760646_G_A	G	A	.	.	.
6	16760645	6_16760645_G_A	G	A	.	.	.
6	16760644	6_16760644_G_A	G	A	.	.	.
6	16760639	6_16760639_G_A	G	A	.	.	.
6	16760638	6_16760638_G_A	G	A	.	.	.
8	22445947	8_22445947_G_A	G	A	.	.	.
8	22445946	8_22445946_G_A	G	A	.	.	.
8	22445941	8_22445941_G_A	G	A	.	.	.
8	22445940	8_22445940_G_A	G	A	.	.	.
8	22445939	8_22445939_G_A	G	A	.	.	.
8	22445934	8_22445934_G_A	G	A	.	.	.
8	22445933	8_22445933_G_A	G	A	.	.	.
8	37962569	8_37962569_G_A	G	A	.	.	.
8	37962568	8_37962568_G_A	G	A	.	.	.
8	37962563	8_37962563_G_A	G	A	.	.	.
8	37962562	8_37962562_G_A	G	A	.	.	.
8	37962556	8_37962556_G_A	G	A	.	.	.
11	1478066	11_1478066_G_A	G	A	.	.	.
11	1478063	11_1478063_G_A	G	A	.	.	.
11	1478062	11_1478062_G_A	G	A	.	.	.
11	1478060	11_1478060_G_A	G	A	.	.	.
11	1478057	11_1478057_G_A	G	A	.	.	.
11	1478055	11_1478055_G_A	G	A	.	.	.
11	1478050	11_1478050_G_A	G	A	.	.	.
12	133264608	12_133264608_C_T	C	T	.	.	.
12	133264609	12_133264609_C_T	C	T	.	.	.
12	133264610	12_133264610_C_T	C	T	.	.	.
12	133264612	12_133264612_C_T	C	T	.	.	.
12	133264613	12_133264613_C_T	C	T	.	.	.
12	133264614	12_133264614_C_T	C	T	.	.	.
12	133264618	12_133264618_C_T	C	T	.	.	.
12	133264619	12_133264619_C_T	C	T	.	.	.
12	133264620	12_133264620_C_T	C	T	.	.	.
12	133264627	12_133264627_C_T	C	T	.	.	.
14	102706668	14_102706668_C_T	C	T	.	.	.
14	102706669	14_102706669_C_T	C	T	.	.	.
14	102706674	14_102706674_C_T	C	T	.	.	.
14	102706675	14_102706675_C_T	C	T	.	.	.
14	102706676	14_102706676_C_T	C	T	.	.	.
14	102706681	14_102706681_C_T	C	T	.	.	.
14	70390458	14_70390458_C_T	C	T	.	.	.
14	70390462	14_70390462_C_T	C	T	.	.	.
14	70390467	14_70390467_C_T	C	T	.	.	.
14	70390468	14_70390468_C_T	C	T	.	.	.
14	70390469	14_70390469_C_T	C	T	.	.	.
14	70390474	14_70390474_C_T	C	T	.	.	.
16	73956174	16_73956174_C_T	C	T	.	.	.
16	73956180	16_73956180_C_T	C	T	.	.	.
16	73956181	16_73956181_C_T	C	T	.	.	.
16	73956187	16_73956187_C_T	C	T	.	.	.
19	58786345	19_58786345_C_T	C	T	.	.	.
19	58786348	19_58786348_C_T	C	T	.	.	.
19	58786349	19_58786349_C_T	C	T	.	.	.
19	58786354	19_58786354_C_T	C	T	.	.	.
19	58786355	19_58786355_C_T	C	T	.	.	.
19	58786356	19_58786356_C_T	C	T	.	.	.
19	58786361	19_58786361_C_T	C	T	.	.	.
1	40174506	1_40174506_G_A	G	A	.	.	.
1	40174505	1_40174505_G_A	G	A	.	.	.
1	40174504	1_40174504_G_A	G	A	.	.	.
1	40174501	1_40174501_G_A	G	A	.	.	.
1	40174500	1_40174500_G_A	G	A	.	.	.
1	40174495	1_40174495_G_A	G	A	.	.	.
1	40174494	1_40174494_G_A	G	A	.	.	.
1	40174493	1_40174493_G_A	G	A	.	.	.
1	40174488	1_40174488_G_A	G	A	.	.	.
20	18936530	20_18936530_G_A	G	A	.	.	.
20	18936527	20_18936527_G_A	G	A	.	.	.
20	18936526	20_18936526_G_A	G	A	.	.	.
20	18936521	20_18936521_G_A	G	A	.	.	.
20	18936520	20_18936520_G_A	G	A	.	.	.
20	18936519	20_18936519_G_A	G	A	.	.	.
20	18936515	20_18936515_G_A	G	A	.	.	.
20	18936514	20_18936514_G_A	G	A	.	.	.
20	59616737	20_59616737_C_T	C	T	.	.	.
20	59616740	20_59616740_C_T	C	T	.	.	.
20	59616741	20_59616741_C_T	C	T	.	.	.
20	59616746	20_59616746_C_T	C	T	.	.	.
20	59616747	20_59616747_C_T	C	T	.	.	.
20	59616748	20_59616748_C_T	C	T	.	.	.
3	64018272	3_64018272_C_T	C	T	.	.	.
3	64018281	3_64018281_C_T	C	T	.	.	.
3	64018282	3_64018282_C_T	C	T	.	.	.
3	64018288	3_64018288_C_T	C	T	.	.	.
5	172661250	5_172661250_C_T	C	T	.	.	.
5	172661252	5_172661252_C_T	C	T	.	.	.
5	172661253	5_172661253_C_T	C	T	.	.	.
5	172661259	5_172661259_C_T	C	T	.	.	.
5	172661260	5_172661260_C_T	C	T	.	.	.
5	172661261	5_172661261_C_T	C	T	.	.	.
5	172661266	5_172661266_C_T	C	T	.	.	.
9	87702689	9_87702689_C_T	C	T	.	.	.
9	87702698	9_87702698_C_T	C	T	.	.	.
9	87702699	9_87702699_C_T	C	T	.	.	.
9	87702700	9_87702700_C_T	C	T	.	.	.
9	87702705	9_87702705_C_T	C	T	.	.	.
10	34594205	10_34594205_G_A	G	A	.	.	.
10	34594204	10_34594204_G_A	G	A	.	.	.
10	34594203	10_34594203_G_A	G	A	.	.	.
10	34594200	10_34594200_G_A	G	A	.	.	.
10	34594199	10_34594199_G_A	G	A	.	.	.
10	34594198	10_34594198_G_A	G	A	.	.	.
10	34594194	10_34594194_G_A	G	A	.	.	.
10	34594193	10_34594193_G_A	G	A	.	.	.
10	34594187	10_34594187_G_A	G	A	.	.	.
10	34594186	10_34594186_G_A	G	A	.	.	.
10	5916752	10_5916752_C_T	C	T	.	.	.
10	5916758	10_5916758_C_T	C	T	.	.	.
10	5916759	10_5916759_C_T	C	T	.	.	.
10	5916760	10_5916760_C_T	C	T	.	.	.
10	5916765	10_5916765_C_T	C	T	.	.	.
11	123065868	11_123065868_C_T	C	T	.	.	.
11	123065869	11_123065869_C_T	C	T	.	.	.
11	123065874	11_123065874_C_T	C	T	.	.	.
11	123065875	11_123065875_C_T	C	T	.	.	.
11	123065881	11_123065881_C_T	C	T	.	.	.
15	74617743	15_74617743_G_A	G	A	.	.	.
15	74617734	15_74617734_G_A	G	A	.	.	.
15	74617733	15_74617733_G_A	G	A	.	.	.
15	74617732	15_74617732_G_A	G	A	.	.	.
15	91537347	15_91537347_G_A	G	A	.	.	.
15	91537342	15_91537342_G_A	G	A	.	.	.
15	91537341	15_91537341_G_A	G	A	.	.	.
15	91537340	15_91537340_G_A	G	A	.	.	.
15	91537335	15_91537335_G_A	G	A	.	.	.
15	91537334	15_91537334_G_A	G	A	.	.	.
15	91537333	15_91537333_G_A	G	A	.	.	.
15	97509050	15_97509050_G_A	G	A	.	.	.
15	97509047	15_97509047_G_A	G	A	.	.	.
15	97509046	15_97509046_G_A	G	A	.	.	.
15	97509041	15_97509041_G_A	G	A	.	.	.
15	97509040	15_97509040_G_A	G	A	.	.	.
15	97509039	15_97509039_G_A	G	A	.	.	.
15	97509034	15_97509034_G_A	G	A	.	.	.
17	79046816	17_79046816_G_A	G	A	.	.	.
17	79046814	17_79046814_G_A	G	A	.	.	.
17	79046813	17_79046813_G_A	G	A	.	.	.
17	79046812	17_79046812_G_A	G	A	.	.	.
17	79046807	17_79046807_G_A	G	A	.	.	.
17	79046806	17_79046806_G_A	G	A	.	.	.
17	79046805	17_79046805_G_A	G	A	.	.	.
17	79046800	17_79046800_G_A	G	A	.	.	.
1	28864284	1_28864284_G_A	G	A	.	.	.
1	28864275	1_28864275_G_A	G	A	.	.	.
1	28864274	1_28864274_G_A	G	A	.	.	.
1	28864268	1_28864268_G_A	G	A	.	.	.
1	42078715	1_42078715_C_T	C	T	.	.	.
1	42078724	1_42078724_C_T	C	T	.	.	.
1	42078725	1_42078725_C_T	C	T	.	.	.
1	42078726	1_42078726_C_T	C	T	.	.	.
1	42078731	1_42078731_C_T	C	T	.	.	.
1	45476671	1_45476671_C_T	C	T	.	.	.
1	45476676	1_45476676_C_T	C	T	.	.	.
1	45476677	1_45476677_C_T	C	T	.	.	.
1	45476682	1_45476682_C_T	C	T	.	.	.
1	45476683	1_45476683_C_T	C	T	.	.	.
1	45476689	1_45476689_C_T	C	T	.	.	.
20	16068295	20_16068295_C_T	C	T	.	.	.
20	16068304	20_16068304_C_T	C	T	.	.	.
20	16068305	20_16068305_C_T	C	T	.	.	.
20	16068311	20_16068311_C_T	C	T	.	.	.
20	21111834	20_21111834_G_A	G	A	.	.	.
20	21111831	20_21111831_G_A	G	A	.	.	.
20	21111830	20_21111830_G_A	G	A	.	.	.
20	21111825	20_21111825_G_A	G	A	.	.	.
20	21111824	20_21111824_G_A	G	A	.	.	.
20	21111817	20_21111817_G_A	G	A	.	.	.
20	60625039	20_60625039_C_T	C	T	.	.	.
20	60625042	20_60625042_C_T	C	T	.	.	.
20	60625043	20_60625043_C_T	C	T	.	.	.
20	60625047	20_60625047_C_T	C	T	.	.	.
20	60625048	20_60625048_C_T	C	T	.	.	.
20	60625049	20_60625049_C_T	C	T	.	.	.
20	60625050	20_60625050_C_T	C	T	.	.	.
20	60625055	20_60625055_C_T	C	T	.	.	.
2	10218636	2_10218636_G_A	G	A	.	.	.
2	10218633	2_10218633_G_A	G	A	.	.	.
2	10218627	2_10218627_G_A	G	A	.	.	.
2	10218626	2_10218626_G_A	G	A	.	.	.
2	10218625	2_10218625_G_A	G	A	.	.	.
2	10218620	2_10218620_G_A	G	A	.	.	.
7	1425213	7_1425213_G_A	G	A	.	.	.
7	1425211	7_1425211_G_A	G	A	.	.	.
7	1425202	7_1425202_G_A	G	A	.	.	.
7	1425201	7_1425201_G_A	G	A	.	.	.
7	1425200	7_1425200_G_A	G	A	.	.	.
7	1425195	7_1425195_G_A	G	A	.	.	.
7	38475862	7_38475862_C_T	C	T	.	.	.
7	38475864	7_38475864_C_T	C	T	.	.	.
7	38475865	7_38475865_C_T	C	T	.	.	.
7	38475871	7_38475871_C_T	C	T	.	.	.
7	38475872	7_38475872_C_T	C	T	.	.	.
7	38475878	7_38475878_C_T	C	T	.	.	.
8	139792962	8_139792962_C_T	C	T	.	.	.
8	139792966	8_139792966_C_T	C	T	.	.	.
8	139792971	8_139792971_C_T	C	T	.	.	.
8	139792972	8_139792972_C_T	C	T	.	.	.
8	139792973	8_139792973_C_T	C	T	.	.	.
8	139792980	8_139792980_C_T	C	T	.	.	.
8	141624959	8_141624959_G_A	G	A	.	.	.
8	141624956	8_141624956_G_A	G	A	.	.	.
8	141624950	8_141624950_G_A	G	A	.	.	.
8	141624949	8_141624949_G_A	G	A	.	.	.
8	141624943	8_141624943_G_A	G	A	.	.	.
8	141624941	8_141624941_G_A	G	A	.	.	.
9	132484385	9_132484385_G_A	G	A	.	.	.
9	132484382	9_132484382_G_A	G	A	.	.	.
9	132484381	9_132484381_G_A	G	A	.	.	.
9	132484378	9_132484378_G_A	G	A	.	.	.
9	132484376	9_132484376_G_A	G	A	.	.	.
9	132484375	9_132484375_G_A	G	A	.	.	.
9	132484374	9_132484374_G_A	G	A	.	.	.
9	132484369	9_132484369_G_A	G	A	.	.	.
10	134019432	10_134019432_C_T	C	T	.	.	.
10	134019435	10_134019435_C_T	C	T	.	.	.
10	134019436	10_134019436_C_T	C	T	.	.	.
10	134019439	10_134019439_C_T	C	T	.	.	.
10	134019442	10_134019442_C_T	C	T	.	.	.
10	134019443	10_134019443_C_T	C	T	.	.	.
10	134019448	10_134019448_C_T	C	T	.	.	.
11	19139088	11_19139088_C_T	C	T	.	.	.
11	19139089	11_19139089_C_T	C	T	.	.	.
11	19139094	11_19139094_C_T	C	T	.	.	.
11	19139095	11_19139095_C_T	C	T	.	.	.
11	19139096	11_19139096_C_T	C	T	.	.	.
11	19139101	11_19139101_C_T	C	T	.	.	.
11	19139102	11_19139102_C_T	C	T	.	.	.
11	19139103	11_19139103_C_T	C	T	.	.	.
11	46340853	11_46340853_C_T	C	T	.	.	.
11	46340856	11_46340856_C_T	C	T	.	.	.
11	46340861	11_46340861_C_T	C	T	.	.	.
11	46340862	11_46340862_C_T	C	T	.	.	.
11	46340863	11_46340863_C_T	C	T	.	.	.
11	46340868	11_46340868_C_T	C	T	.	.	.
11	46340869	11_46340869_C_T	C	T	.	.	.
11	46340873	11_46340873_C_T	C	T	.	.	.
12	120638750	12_120638750_G_A	G	A	.	.	.
12	120638747	12_120638747_G_A	G	A	.	.	.
12	120638746	12_120638746_G_A	G	A	.	.	.
12	120638744	12_120638744_G_A	G	A	.	.	.
12	120638741	12_120638741_G_A	G	A	.	.	.
12	120638740	12_120638740_G_A	G	A	.	.	.
12	120638739	12_120638739_G_A	G	A	.	.	.
12	120638734	12_120638734_G_A	G	A	.	.	.
12	125102409	12_125102409_C_T	C	T	.	.	.
12	125102412	12_125102412_C_T	C	T	.	.	.
12	125102418	12_125102418_C_T	C	T	.	.	.
12	125102420	12_125102420_C_T	C	T	.	.	.
12	125102425	12_125102425_C_T	C	T	.	.	.
12	125102427	12_125102427_C_T	C	T	.	.	.
14	58016981	14_58016981_G_A	G	A	.	.	.
14	58016978	14_58016978_G_A	G	A	.	.	.
14	58016977	14_58016977_G_A	G	A	.	.	.
14	58016976	14_58016976_G_A	G	A	.	.	.
14	58016974	14_58016974_G_A	G	A	.	.	.
14	58016972	14_58016972_G_A	G	A	.	.	.
14	58016970	14_58016970_G_A	G	A	.	.	.
14	58016965	14_58016965_G_A	G	A	.	.	.
14	65427875	14_65427875_C_T	C	T	.	.	.
14	65427877	14_65427877_C_T	C	T	.	.	.
14	65427878	14_65427878_C_T	C	T	.	.	.
14	65427879	14_65427879_C_T	C	T	.	.	.
14	65427883	14_65427883_C_T	C	T	.	.	.
14	65427884	14_65427884_C_T	C	T	.	.	.
14	65427885	14_65427885_C_T	C	T	.	.	.
14	65427886	14_65427886_C_T	C	T	.	.	.
14	65427891	14_65427891_C_T	C	T	.	.	.
14	65427892	14_65427892_C_T	C	T	.	.	.
14	80867990	14_80867990_C_T	C	T	.	.	.
14	80867999	14_80867999_C_T	C	T	.	.	.
14	80868000	14_80868000_C_T	C	T	.	.	.
14	80868006	14_80868006_C_T	C	T	.	.	.
14	99830732	14_99830732_C_T	C	T	.	.	.
14	99830738	14_99830738_C_T	C	T	.	.	.
14	99830739	14_99830739_C_T	C	T	.	.	.
14	99830745	14_99830745_C_T	C	T	.	.	.
16	4368219	16_4368219_G_A	G	A	.	.	.
16	4368212	16_4368212_G_A	G	A	.	.	.
16	4368210	16_4368210_G_A	G	A	.	.	.
16	4368209	16_4368209_G_A	G	A	.	.	.
16	4368208	16_4368208_G_A	G	A	.	.	.
16	4368204	16_4368204_G_A	G	A	.	.	.
16	4368203	16_4368203_G_A	G	A	.	.	.
16	67960664	16_67960664_G_A	G	A	.	.	.
16	67960660	16_67960660_G_A	G	A	.	.	.
16	67960656	16_67960656_G_A	G	A	.	.	.
16	67960655	16_67960655_G_A	G	A	.	.	.
16	67960654	16_67960654_G_A	G	A	.	.	.
16	67960649	16_67960649_G_A	G	A	.	.	.
16	67960648	16_67960648_G_A	G	A	.	.	.
18	71809002	18_71809002_G_A	G	A	.	.	.
18	71809001	18_71809001_G_A	G	A	.	.	.
18	71808998	18_71808998_G_A	G	A	.	.	.
18	71808992	18_71808992_G_A	G	A	.	.	.
18	71808991	18_71808991_G_A	G	A	.	.	.
18	71808985	18_71808985_G_A	G	A	.	.	.
19	12992057	19_12992057_C_T	C	T	.	.	.
19	12992059	19_12992059_C_T	C	T	.	.	.
19	12992062	19_12992062_C_T	C	T	.	.	.
19	12992063	19_12992063_C_T	C	T	.	.	.
19	12992067	19_12992067_C_T	C	T	.	.	.
19	12992068	19_12992068_C_T	C	T	.	.	.
19	12992069	19_12992069_C_T	C	T	.	.	.
19	12992070	19_12992070_C_T	C	T	.	.	.
19	12992075	19_12992075_C_T	C	T	.	.	.
1	204168827	1_204168827_G_A	G	A	.	.	.
1	204168826	1_204168826_G_A	G	A	.	.	.
1	204168825	1_204168825_G_A	G	A	.	.	.
1	204168820	1_204168820_G_A	G	A	.	.	.
1	204168818	1_204168818_G_A	G	A	.	.	.
1	204168817	1_204168817_G_A	G	A	.	.	.
1	204168816	1_204168816_G_A	G	A	.	.	.
1	204168811	1_204168811_G_A	G	A	.	.	.
1	223289093	1_223289093_G_A	G	A	.	.	.
1	223289090	1_223289090_G_A	G	A	.	.	.
1	223289089	1_223289089_G_A	G	A	.	.	.
1	223289087	1_223289087_G_A	G	A	.	.	.
1	223289086	1_223289086_G_A	G	A	.	.	.
1	223289084	1_223289084_G_A	G	A	.	.	.
1	223289083	1_223289083_G_A	G	A	.	.	.
1	223289082	1_223289082_G_A	G	A	.	.	.
1	223289078	1_223289078_G_A	G	A	.	.	.
1	223289077	1_223289077_G_A	G	A	.	.	.
1	5721683	1_5721683_G_A	G	A	.	.	.
1	5721680	1_5721680_G_A	G	A	.	.	.
1	5721679	1_5721679_G_A	G	A	.	.	.
1	5721674	1_5721674_G_A	G	A	.	.	.
1	5721673	1_5721673_G_A	G	A	.	.	.
1	5721672	1_5721672_G_A	G	A	.	.	.
1	5721667	1_5721667_G_A	G	A	.	.	.
1	5721666	1_5721666_G_A	G	A	.	.	.
1	88468313	1_88468313_G_A	G	A	.	.	.
1	88468309	1_88468309_G_A	G	A	.	.	.
1	88468304	1_88468304_G_A	G	A	.	.	.
1	88468303	1_88468303_G_A	G	A	.	.	.
1	88468302	1_88468302_G_A	G	A	.	.	.
1	88468297	1_88468297_G_A	G	A	.	.	.
20	48653605	20_48653605_G_A	G	A	.	.	.
20	48653604	20_48653604_G_A	G	A	.	.	.
20	48653600	20_48653600_G_A	G	A	.	.	.
20	48653595	20_48653595_G_A	G	A	.	.	.
20	48653594	20_48653594_G_A	G	A	.	.	.
20	48653593	20_48653593_G_A	G	A	.	.	.
20	48653588	20_48653588_G_A	G	A	.	.	.
20	60757963	20_60757963_C_T	C	T	.	.	.
20	60757966	20_60757966_C_T	C	T	.	.	.
20	60757967	20_60757967_C_T	C	T	.	.	.
20	60757969	20_60757969_C_T	C	T	.	.	.
20	60757972	20_60757972_C_T	C	T	.	.	.
20	60757973	20_60757973_C_T	C	T	.	.	.
20	60757979	20_60757979_C_T	C	T	.	.	.
22	30662100	22_30662100_G_A	G	A	.	.	.
22	30662097	22_30662097_G_A	G	A	.	.	.
22	30662091	22_30662091_G_A	G	A	.	.	.
22	30662090	22_30662090_G_A	G	A	.	.	.
22	30662081	22_30662081_G_A	G	A	.	.	.
22	46992987	22_46992987_G_A	G	A	.	.	.
22	46992986	22_46992986_G_A	G	A	.	.	.
22	46992984	22_46992984_G_A	G	A	.	.	.
22	46992983	22_46992983_G_A	G	A	.	.	.
22	46992978	22_46992978_G_A	G	A	.	.	.
22	46992977	22_46992977_G_A	G	A	.	.	.
22	46992976	22_46992976_G_A	G	A	.	.	.
22	48014230	22_48014230_G_A	G	A	.	.	.
22	48014227	22_48014227_G_A	G	A	.	.	.
22	48014226	22_48014226_G_A	G	A	.	.	.
22	48014222	22_48014222_G_A	G	A	.	.	.
22	48014220	22_48014220_G_A	G	A	.	.	.
22	48014219	22_48014219_G_A	G	A	.	.	.
22	48014214	22_48014214_G_A	G	A	.	.	.
2	31459633	2_31459633_G_A	G	A	.	.	.
2	31459632	2_31459632_G_A	G	A	.	.	.
2	31459627	2_31459627_G_A	G	A	.	.	.
2	31459626	2_31459626_G_A	G	A	.	.	.
2	31459625	2_31459625_G_A	G	A	.	.	.
2	31459620	2_31459620_G_A	G	A	.	.	.
2	42092228	2_42092228_G_A	G	A	.	.	.
2	42092225	2_42092225_G_A	G	A	.	.	.
2	42092222	2_42092222_G_A	G	A	.	.	.
2	42092219	2_42092219_G_A	G	A	.	.	.
2	42092218	2_42092218_G_A	G	A	.	.	.
2	42092217	2_42092217_G_A	G	A	.	.	.
2	42092212	2_42092212_G_A	G	A	.	.	.
2	42092209	2_42092209_G_A	G	A	.	.	.
3	134658560	3_134658560_G_A	G	A	.	.	.
3	134658557	3_134658557_G_A	G	A	.	.	.
3	134658551	3_134658551_G_A	G	A	.	.	.
3	134658549	3_134658549_G_A	G	A	.	.	.
3	134658544	3_134658544_G_A	G	A	.	.	.
3	184903596	3_184903596_G_A	G	A	.	.	.
3	184903587	3_184903587_G_A	G	A	.	.	.
3	184903586	3_184903586_G_A	G	A	.	.	.
3	184903580	3_184903580_G_A	G	A	.	.	.
4	152200268	4_152200268_G_A	G	A	.	.	.
4	152200265	4_152200265_G_A	G	A	.	.	.
4	152200264	4_152200264_G_A	G	A	.	.	.
4	152200259	4_152200259_G_A	G	A	.	.	.
4	152200253	4_152200253_G_A	G	A	.	.	.
4	152200252	4_152200252_G_A	G	A	.	.	.
4	152200250	4_152200250_G_A	G	A	.	.	.
5	34832923	5_34832923_G_A	G	A	.	.	.
5	34832920	5_34832920_G_A	G	A	.	.	.
5	34832914	5_34832914_G_A	G	A	.	.	.
5	34832912	5_34832912_G_A	G	A	.	.	.
5	34832907	5_34832907_G_A	G	A	.	.	.
6	95965648	6_95965648_C_T	C	T	.	.	.
6	95965651	6_95965651_C_T	C	T	.	.	.
6	95965652	6_95965652_C_T	C	T	.	.	.
6	95965655	6_95965655_C_T	C	T	.	.	.
6	95965657	6_95965657_C_T	C	T	.	.	.
6	95965658	6_95965658_C_T	C	T	.	.	.
6	95965659	6_95965659_C_T	C	T	.	.	.
6	95965664	6_95965664_C_T	C	T	.	.	.
7	75880426	7_75880426_C_T	C	T	.	.	.
7	75880430	7_75880430_C_T	C	T	.	.	.
7	75880432	7_75880432_C_T	C	T	.	.	.
7	75880435	7_75880435_C_T	C	T	.	.	.
7	75880436	7_75880436_C_T	C	T	.	.	.
7	75880437	7_75880437_C_T	C	T	.	.	.
7	75880442	7_75880442_C_T	C	T	.	.	.
7	76833029	7_76833029_G_A	G	A	.	.	.
7	76833026	7_76833026_G_A	G	A	.	.	.
7	76833025	7_76833025_G_A	G	A	.	.	.
7	76833020	7_76833020_G_A	G	A	.	.	.
7	76833012	7_76833012_G_A	G	A	.	.	.
8	105929140	8_105929140_G_A	G	A	.	.	.
8	105929131	8_105929131_G_A	G	A	.	.	.
8	105929130	8_105929130_G_A	G	A	.	.	.
8	105929124	8_105929124_G_A	G	A	.	.	.
8	142520842	8_142520842_C_T	C	T	.	.	.
8	142520845	8_142520845_C_T	C	T	.	.	.
8	142520846	8_142520846_C_T	C	T	.	.	.
8	142520848	8_142520848_C_T	C	T	.	.	.
8	142520849	8_142520849_C_T	C	T	.	.	.
8	142520850	8_142520850_C_T	C	T	.	.	.
8	142520851	8_142520851_C_T	C	T	.	.	.
8	142520852	8_142520852_C_T	C	T	.	.	.
8	142520853	8_142520853_C_T	C	T	.	.	.
8	142520858	8_142520858_C_T	C	T	.	.	.
8	142520859	8_142520859_C_T	C	T	.	.	.
8	5151953	8_5151953_C_T	C	T	.	.	.
8	5151958	8_5151958_C_T	C	T	.	.	.
8	5151964	8_5151964_C_T	C	T	.	.	.
8	5151965	8_5151965_C_T	C	T	.	.	.
8	5151971	8_5151971_C_T	C	T	.	.	.
9	100143358	9_100143358_G_A	G	A	.	.	.
9	100143353	9_100143353_G_A	G	A	.	.	.
9	100143346	9_100143346_G_A	G	A	.	.	.
9	100526631	9_100526631_G_A	G	A	.	.	.
9	100526629	9_100526629_G_A	G	A	.	.	.
9	100526626	9_100526626_G_A	G	A	.	.	.
9	100526625	9_100526625_G_A	G	A	.	.	.
9	100526619	9_100526619_G_A	G	A	.	.	.
9	100526618	9_100526618_G_A	G	A	.	.	.
9	100526613	9_100526613_G_A	G	A	.	.	.
9	116963098	9_116963098_G_A	G	A	.	.	.
9	116963095	9_116963095_G_A	G	A	.	.	.
9	116963094	9_116963094_G_A	G	A	.	.	.
9	116963093	9_116963093_G_A	G	A	.	.	.
9	116963091	9_116963091_G_A	G	A	.	.	.
9	116963089	9_116963089_G_A	G	A	.	.	.
9	116963088	9_116963088_G_A	G	A	.	.	.
9	116963087	9_116963087_G_A	G	A	.	.	.
9	116963086	9_116963086_G_A	G	A	.	.	.
9	116963082	9_116963082_G_A	G	A	.	.	.
10	128060449	10_128060449_G_A	G	A	.	.	.
10	128060443	10_128060443_G_A	G	A	.	.	.
10	128060442	10_128060442_G_A	G	A	.	.	.
10	128060441	10_128060441_G_A	G	A	.	.	.
10	128060437	10_128060437_G_A	G	A	.	.	.
10	128060436	10_128060436_G_A	G	A	.	.	.
11	69071957	11_69071957_C_T	C	T	.	.	.
11	69071960	11_69071960_C_T	C	T	.	.	.
11	69071966	11_69071966_C_T	C	T	.	.	.
11	69071967	11_69071967_C_T	C	T	.	.	.
11	69071968	11_69071968_C_T	C	T	.	.	.
11	69071969	11_69071969_C_T	C	T	.	.	.
11	69071973	11_69071973_C_T	C	T	.	.	.
14	104492579	14_104492579_C_T	C	T	.	.	.
14	104492580	14_104492580_C_T	C	T	.	.	.
14	104492585	14_104492585_C_T	C	T	.	.	.
14	104492586	14_104492586_C_T	C	T	.	.	.
14	104492587	14_104492587_C_T	C	T	.	.	.
14	104492592	14_104492592_C_T	C	T	.	.	.
14	106378787	14_106378787_G_A	G	A	.	.	.
14	106378784	14_106378784_G_A	G	A	.	.	.
14	106378783	14_106378783_G_A	G	A	.	.	.
14	106378778	14_106378778_G_A	G	A	.	.	.
14	106378777	14_106378777_G_A	G	A	.	.	.
14	106378771	14_106378771_G_A	G	A	.	.	.
14	106378770	14_106378770_G_A	G	A	.	.	.
14	73392456	14_73392456_C_T	C	T	.	.	.
14	73392459	14_73392459_C_T	C	T	.	.	.
14	73392465	14_73392465_C_T	C	T	.	.	.
14	73392466	14_73392466_C_T	C	T	.	.	.
14	73392472	14_73392472_C_T	C	T	.	.	.
14	73392476	14_73392476_C_T	C	T	.	.	.
16	18937052	16_18937052_G_A	G	A	.	.	.
16	18937051	16_18937051_G_A	G	A	.	.	.
16	18937046	16_18937046_G_A	G	A	.	.	.
16	18937045	16_18937045_G_A	G	A	.	.	.
16	18937044	16_18937044_G_A	G	A	.	.	.
16	18937039	16_18937039_G_A	G	A	.	.	.
16	18937037	16_18937037_G_A	G	A	.	.	.
16	18937036	16_18937036_G_A	G	A	.	.	.
16	18937035	16_18937035_G_A	G	A	.	.	.
16	66957740	16_66957740_G_A	G	A	.	.	.
16	66957736	16_66957736_G_A	G	A	.	.	.
16	66957730	16_66957730_G_A	G	A	.	.	.
16	66957729	16_66957729_G_A	G	A	.	.	.
16	66957728	16_66957728_G_A	G	A	.	.	.
16	66957723	16_66957723_G_A	G	A	.	.	.
17	37245544	17_37245544_G_A	G	A	.	.	.
17	37245542	17_37245542_G_A	G	A	.	.	.
17	37245539	17_37245539_G_A	G	A	.	.	.
17	37245538	17_37245538_G_A	G	A	.	.	.
17	37245533	17_37245533_G_A	G	A	.	.	.
17	37245532	17_37245532_G_A	G	A	.	.	.
17	37245531	17_37245531_G_A	G	A	.	.	.
17	37245527	17_37245527_G_A	G	A	.	.	.
17	37245526	17_37245526_G_A	G	A	.	.	.
17	75359275	17_75359275_C_T	C	T	.	.	.
17	75359276	17_75359276_C_T	C	T	.	.	.
17	75359277	17_75359277_C_T	C	T	.	.	.
17	75359282	17_75359282_C_T	C	T	.	.	.
17	75359283	17_75359283_C_T	C	T	.	.	.
17	75359284	17_75359284_C_T	C	T	.	.	.
17	79869079	17_79869079_G_A	G	A	.	.	.
17	79869078	17_79869078_G_A	G	A	.	.	.
17	79869075	17_79869075_G_A	G	A	.	.	.
17	79869074	17_79869074_G_A	G	A	.	.	.
17	79869069	17_79869069_G_A	G	A	.	.	.
17	79869068	17_79869068_G_A	G	A	.	.	.
17	79869067	17_79869067_G_A	G	A	.	.	.
17	79869061	17_79869061_G_A	G	A	.	.	.
17	79869060	17_79869060_G_A	G	A	.	.	.
17	8926825	17_8926825_C_T	C	T	.	.	.
17	8926827	17_8926827_C_T	C	T	.	.	.
17	8926828	17_8926828_C_T	C	T	.	.	.
17	8926833	17_8926833_C_T	C	T	.	.	.
17	8926834	17_8926834_C_T	C	T	.	.	.
17	8926835	17_8926835_C_T	C	T	.	.	.
17	8926840	17_8926840_C_T	C	T	.	.	.
17	8926841	17_8926841_C_T	C	T	.	.	.
17	8926842	17_8926842_C_T	C	T	.	.	.
18	46507196	18_46507196_G_A	G	A	.	.	.
18	46507193	18_46507193_G_A	G	A	.	.	.
18	46507192	18_46507192_G_A	G	A	.	.	.
18	46507185	18_46507185_G_A	G	A	.	.	.
1	157335297	1_157335297_C_T	C	T	.	.	.
1	157335298	1_157335298_C_T	C	T	.	.	.
1	157335302	1_157335302_C_T	C	T	.	.	.
1	157335308	1_157335308_C_T	C	T	.	.	.
1	157335309	1_157335309_C_T	C	T	.	.	.
1	157335315	1_157335315_C_T	C	T	.	.	.
1	228493663	1_228493663_G_A	G	A	.	.	.
1	228493661	1_228493661_G_A	G	A	.	.	.
1	228493660	1_228493660_G_A	G	A	.	.	.
1	228493659	1_228493659_G_A	G	A	.	.	.
1	228493654	1_228493654_G_A	G	A	.	.	.
1	228493653	1_228493653_G_A	G	A	.	.	.
1	228493652	1_228493652_G_A	G	A	.	.	.
1	228493647	1_228493647_G_A	G	A	.	.	.
1	42334996	1_42334996_G_A	G	A	.	.	.
1	42334986	1_42334986_G_A	G	A	.	.	.
1	42334985	1_42334985_G_A	G	A	.	.	.
1	42334980	1_42334980_G_A	G	A	.	.	.
1	9329849	1_9329849_C_T	C	T	.	.	.
1	9329852	1_9329852_C_T	C	T	.	.	.
1	9329858	1_9329858_C_T	C	T	.	.	.
1	9329859	1_9329859_C_T	C	T	.	.	.
1	9329860	1_9329860_C_T	C	T	.	.	.
1	9329865	1_9329865_C_T	C	T	.	.	.
1	9329868	1_9329868_C_T	C	T	.	.	.
21	44586988	21_44586988_G_A	G	A	.	.	.
21	44586985	21_44586985_G_A	G	A	.	.	.
21	44586984	21_44586984_G_A	G	A	.	.	.
21	44586979	21_44586979_G_A	G	A	.	.	.
21	44586978	21_44586978_G_A	G	A	.	.	.
21	44586977	21_44586977_G_A	G	A	.	.	.
21	44586972	21_44586972_G_A	G	A	.	.	.
21	44586970	21_44586970_G_A	G	A	.	.	.
2	97612781	2_97612781_C_T	C	T	.	.	.
2	97612784	2_97612784_C_T	C	T	.	.	.
2	97612785	2_97612785_C_T	C	T	.	.	.
2	97612788	2_97612788_C_T	C	T	.	.	.
2	97612791	2_97612791_C_T	C	T	.	.	.
2	97612797	2_97612797_C_T	C	T	.	.	.
3	130110917	3_130110917_G_A	G	A	.	.	.
3	130110914	3_130110914_G_A	G	A	.	.	.
3	130110913	3_130110913_G_A	G	A	.	.	.
3	130110908	3_130110908_G_A	G	A	.	.	.
3	13095602	3_13095602_C_T	C	T	.	.	.
3	13095606	3_13095606_C_T	C	T	.	.	.
3	13095610	3_13095610_C_T	C	T	.	.	.
3	13095611	3_13095611_C_T	C	T	.	.	.
3	13095612	3_13095612_C_T	C	T	.	.	.
3	13095613	3_13095613_C_T	C	T	.	.	.
3	13095616	3_13095616_C_T	C	T	.	.	.
3	13095617	3_13095617_C_T	C	T	.	.	.
3	13095618	3_13095618_C_T	C	T	.	.	.
3	13095620	3_13095620_C_T	C	T	.	.	.
3	40673094	3_40673094_G_A	G	A	.	.	.
3	40673091	3_40673091_G_A	G	A	.	.	.
3	40673083	3_40673083_G_A	G	A	.	.	.
3	40673078	3_40673078_G_A	G	A	.	.	.
4	166273144	4_166273144_C_T	C	T	.	.	.
4	166273147	4_166273147_C_T	C	T	.	.	.
4	166273154	4_166273154_C_T	C	T	.	.	.
4	166273155	4_166273155_C_T	C	T	.	.	.
4	166273160	4_166273160_C_T	C	T	.	.	.
5	145779868	5_145779868_G_A	G	A	.	.	.
5	145779865	5_145779865_G_A	G	A	.	.	.
5	145779864	5_145779864_G_A	G	A	.	.	.
5	145779861	5_145779861_G_A	G	A	.	.	.
5	145779858	5_145779858_G_A	G	A	.	.	.
5	145779852	5_145779852_G_A	G	A	.	.	.
6	11377017	6_11377017_C_T	C	T	.	.	.
6	11377018	6_11377018_C_T	C	T	.	.	.
6	11377024	6_11377024_C_T	C	T	.	.	.
6	11377025	6_11377025_C_T	C	T	.	.	.
6	11377030	6_11377030_C_T	C	T	.	.	.
6	1624540	6_1624540_G_A	G	A	.	.	.
6	1624539	6_1624539_G_A	G	A	.	.	.
6	1624536	6_1624536_G_A	G	A	.	.	.
6	1624534	6_1624534_G_A	G	A	.	.	.
6	1624533	6_1624533_G_A	G	A	.	.	.
6	1624532	6_1624532_G_A	G	A	.	.	.
6	55157418	6_55157418_C_T	C	T	.	.	.
6	55157420	6_55157420_C_T	C	T	.	.	.
6	55157422	6_55157422_C_T	C	T	.	.	.
6	55157424	6_55157424_C_T	C	T	.	.	.
6	55157429	6_55157429_C_T	C	T	.	.	.
6	55157430	6_55157430_C_T	C	T	.	.	.
6	55157431	6_55157431_C_T	C	T	.	.	.
7	100813484	7_100813484_C_T	C	T	.	.	.
7	100813487	7_100813487_C_T	C	T	.	.	.
7	100813488	7_100813488_C_T	C	T	.	.	.
7	100813491	7_100813491_C_T	C	T	.	.	.
7	100813493	7_100813493_C_T	C	T	.	.	.
7	100813494	7_100813494_C_T	C	T	.	.	.
7	100813495	7_100813495_C_T	C	T	.	.	.
7	100813500	7_100813500_C_T	C	T	.	.	.
7	100813501	7_100813501_C_T	C	T	.	.	.
7	157310242	7_157310242_C_T	C	T	.	.	.
7	157310245	7_157310245_C_T	C	T	.	.	.
7	157310246	7_157310246_C_T	C	T	.	.	.
7	157310251	7_157310251_C_T	C	T	.	.	.
7	157310252	7_157310252_C_T	C	T	.	.	.
7	157310258	7_157310258_C_T	C	T	.	.	.
GL000220.1	142177	GL000220.1_142177_C_T	C	T	.	.	.
GL000220.1	142178	GL000220.1_142178_C_T	C	T	.	.	.
GL000220.1	142180	GL000220.1_142180_C_T	C	T	.	.	.
GL000220.1	142181	GL000220.1_142181_C_T	C	T	.	.	.
GL000220.1	142186	GL000220.1_142186_C_T	C	T	.	.	.
GL000220.1	142187	GL000220.1_142187_C_T	C	T	.	.	.
