CHROM	POS	ID	REF	ALT	pos_id_mm10	QUAL	FILTER	INFO
6	127284932	6_127284932_G_A	G	A	6_127307969_G_A	.	.	.
6	127284926	6_127284926_G_A	G	A	6_127307963_G_A	.	.	.
6	127284925	6_127284925_G_A	G	A	6_127307962_G_A	.	.	.
6	127284924	6_127284924_G_A	G	A	6_127307961_G_A	.	.	.
6	127284918	6_127284918_G_A	G	A	6_127307955_G_A	.	.	.
16	96862634	16_96862634_G_A	G	A	16_97061434_G_A	.	.	.
16	96862626	16_96862626_G_A	G	A	16_97061426_G_A	.	.	.
16	96862625	16_96862625_G_A	G	A	16_97061425_G_A	.	.	.
16	96862619	16_96862619_G_A	G	A	16_97061419_G_A	.	.	.
5	27685536	5_27685536_G_A	G	A	5_27480538_G_A	.	.	.
5	27685528	5_27685528_G_A	G	A	5_27480530_G_A	.	.	.
5	27685527	5_27685527_G_A	G	A	5_27480529_G_A	.	.	.
5	27685526	5_27685526_G_A	G	A	5_27480528_G_A	.	.	.
5	27685522	5_27685522_G_A	G	A	5_27480524_G_A	.	.	.
5	27685521	5_27685521_G_A	G	A	5_27480523_G_A	.	.	.
7	111303480	7_111303480_G_A	G	A	7_111704273_G_A	.	.	.
7	111303477	7_111303477_G_A	G	A	7_111704270_G_A	.	.	.
7	111303472	7_111303472_G_A	G	A	7_111704265_G_A	.	.	.
7	111303471	7_111303471_G_A	G	A	7_111704264_G_A	.	.	.
7	111303465	7_111303465_G_A	G	A	7_111704258_G_A	.	.	.
16	10683090	16_10683090_G_A	G	A	16_10865226_G_A	.	.	.
16	10683087	16_10683087_G_A	G	A	16_10865223_G_A	.	.	.
16	10683086	16_10683086_G_A	G	A	16_10865222_G_A	.	.	.
16	10683082	16_10683082_G_A	G	A	16_10865218_G_A	.	.	.
16	10683080	16_10683080_G_A	G	A	16_10865216_G_A	.	.	.
16	10683075	16_10683075_G_A	G	A	16_10865211_G_A	.	.	.
6	121026199	6_121026199_G_A	G	A	6_121049238_G_A	.	.	.
6	121026196	6_121026196_G_A	G	A	6_121049235_G_A	.	.	.
6	121026191	6_121026191_G_A	G	A	6_121049230_G_A	.	.	.
6	121026190	6_121026190_G_A	G	A	6_121049229_G_A	.	.	.
6	121026189	6_121026189_G_A	G	A	6_121049228_G_A	.	.	.
6	121026184	6_121026184_G_A	G	A	6_121049223_G_A	.	.	.
5	136068974	5_136068974_G_A	G	A	5_136040120_G_A	.	.	.
5	136068971	5_136068971_G_A	G	A	5_136040117_G_A	.	.	.
5	136068966	5_136068966_G_A	G	A	5_136040112_G_A	.	.	.
5	136068965	5_136068965_G_A	G	A	5_136040111_G_A	.	.	.
5	136068959	5_136068959_G_A	G	A	5_136040105_G_A	.	.	.
15	102053000	15_102053000_G_A	G	A	15_102144565_G_A	.	.	.
15	102052997	15_102052997_G_A	G	A	15_102144562_G_A	.	.	.
15	102052996	15_102052996_G_A	G	A	15_102144561_G_A	.	.	.
15	102052995	15_102052995_G_A	G	A	15_102144560_G_A	.	.	.
15	102052992	15_102052992_G_A	G	A	15_102144557_G_A	.	.	.
15	102052991	15_102052991_G_A	G	A	15_102144556_G_A	.	.	.
15	102052990	15_102052990_G_A	G	A	15_102144555_G_A	.	.	.
15	102052985	15_102052985_G_A	G	A	15_102144550_G_A	.	.	.
5	119358249	5_119358249_G_A	G	A	5_119220184_G_A	.	.	.
5	119358246	5_119358246_G_A	G	A	5_119220181_G_A	.	.	.
5	119358241	5_119358241_G_A	G	A	5_119220176_G_A	.	.	.
5	119358240	5_119358240_G_A	G	A	5_119220175_G_A	.	.	.
5	119358234	5_119358234_G_A	G	A	5_119220169_G_A	.	.	.
5	123595810	5_123595810_C_T	C	T	5_123457747_C_T	.	.	.
5	123595813	5_123595813_C_T	C	T	5_123457750_C_T	.	.	.
5	123595818	5_123595818_C_T	C	T	5_123457755_C_T	.	.	.
5	123595819	5_123595819_C_T	C	T	5_123457756_C_T	.	.	.
4	148728819	4_148728819_C_T	C	T	4_148644362_C_T	.	.	.
4	148728822	4_148728822_C_T	C	T	4_148644365_C_T	.	.	.
4	148728827	4_148728827_C_T	C	T	4_148644370_C_T	.	.	.
4	148728828	4_148728828_C_T	C	T	4_148644371_C_T	.	.	.
4	148728834	4_148728834_C_T	C	T	4_148644377_C_T	.	.	.
6	136241231	6_136241231_G_A	G	A	6_136264233_G_A	.	.	.
6	136241228	6_136241228_G_A	G	A	6_136264230_G_A	.	.	.
6	136241223	6_136241223_G_A	G	A	6_136264225_G_A	.	.	.
6	136241222	6_136241222_G_A	G	A	6_136264224_G_A	.	.	.
6	136241221	6_136241221_G_A	G	A	6_136264223_G_A	.	.	.
6	136241216	6_136241216_G_A	G	A	6_136264218_G_A	.	.	.
6	136241215	6_136241215_G_A	G	A	6_136264217_G_A	.	.	.
11	30134816	11_30134816_C_T	C	T	11_30184816_C_T	.	.	.
11	30134819	11_30134819_C_T	C	T	11_30184819_C_T	.	.	.
11	30134820	11_30134820_C_T	C	T	11_30184820_C_T	.	.	.
11	30134824	11_30134824_C_T	C	T	11_30184824_C_T	.	.	.
11	30134825	11_30134825_C_T	C	T	11_30184825_C_T	.	.	.
11	30134826	11_30134826_C_T	C	T	11_30184826_C_T	.	.	.
8	34454246	8_34454246_G_A	G	A	8_33964218_G_A	.	.	.
8	34454243	8_34454243_G_A	G	A	8_33964215_G_A	.	.	.
8	34454237	8_34454237_G_A	G	A	8_33964209_G_A	.	.	.
8	34454236	8_34454236_G_A	G	A	8_33964208_G_A	.	.	.
8	34454234	8_34454234_G_A	G	A	8_33964206_G_A	.	.	.
8	34454229	8_34454229_G_A	G	A	8_33964201_G_A	.	.	.
12	3477108	12_3477108_C_T	C	T	12_3427108_C_T	.	.	.
12	3477110	12_3477110_C_T	C	T	12_3427110_C_T	.	.	.
12	3477113	12_3477113_C_T	C	T	12_3427113_C_T	.	.	.
12	3477114	12_3477114_C_T	C	T	12_3427114_C_T	.	.	.
12	3477119	12_3477119_C_T	C	T	12_3427119_C_T	.	.	.
12	3477120	12_3477120_C_T	C	T	12_3427120_C_T	.	.	.
12	3477125	12_3477125_C_T	C	T	12_3427125_C_T	.	.	.
12	3477127	12_3477127_C_T	C	T	12_3427127_C_T	.	.	.
15	37032240	15_37032240_C_T	C	T	15_37031996_C_T	.	.	.
15	37032249	15_37032249_C_T	C	T	15_37032005_C_T	.	.	.
15	37032255	15_37032255_C_T	C	T	15_37032011_C_T	.	.	.
6	125445829	6_125445829_C_T	C	T	6_125468866_C_T	.	.	.
6	125445833	6_125445833_C_T	C	T	6_125468870_C_T	.	.	.
6	125445837	6_125445837_C_T	C	T	6_125468874_C_T	.	.	.
6	125445838	6_125445838_C_T	C	T	6_125468875_C_T	.	.	.
6	125445839	6_125445839_C_T	C	T	6_125468876_C_T	.	.	.
6	125445844	6_125445844_C_T	C	T	6_125468881_C_T	.	.	.
11	59747228	11_59747228_G_A	G	A	11_59856402_G_A	.	.	.
11	59747227	11_59747227_G_A	G	A	11_59856401_G_A	.	.	.
11	59747224	11_59747224_G_A	G	A	11_59856398_G_A	.	.	.
11	59747221	11_59747221_G_A	G	A	11_59856395_G_A	.	.	.
11	59747219	11_59747219_G_A	G	A	11_59856393_G_A	.	.	.
11	59747214	11_59747214_G_A	G	A	11_59856388_G_A	.	.	.
2	135165650	2_135165650_G_A	G	A	2_135323730_G_A	.	.	.
2	135165647	2_135165647_G_A	G	A	2_135323727_G_A	.	.	.
2	135165646	2_135165646_G_A	G	A	2_135323726_G_A	.	.	.
2	135165642	2_135165642_G_A	G	A	2_135323722_G_A	.	.	.
2	135165640	2_135165640_G_A	G	A	2_135323720_G_A	.	.	.
2	135165639	2_135165639_G_A	G	A	2_135323719_G_A	.	.	.
2	135165638	2_135165638_G_A	G	A	2_135323718_G_A	.	.	.
2	135165633	2_135165633_G_A	G	A	2_135323713_G_A	.	.	.
3	11909524	3_11909524_G_A	G	A	3_11844464_G_A	.	.	.
3	11909522	3_11909522_G_A	G	A	3_11844462_G_A	.	.	.
3	11909519	3_11909519_G_A	G	A	3_11844459_G_A	.	.	.
3	11909518	3_11909518_G_A	G	A	3_11844458_G_A	.	.	.
3	11909514	3_11909514_G_A	G	A	3_11844454_G_A	.	.	.
3	11909513	3_11909513_G_A	G	A	3_11844453_G_A	.	.	.
3	11909512	3_11909512_G_A	G	A	3_11844452_G_A	.	.	.
3	11909507	3_11909507_G_A	G	A	3_11844447_G_A	.	.	.
10	81000453	10_81000453_C_T	C	T	10_81164619_C_T	.	.	.
10	81000456	10_81000456_C_T	C	T	10_81164622_C_T	.	.	.
10	81000462	10_81000462_C_T	C	T	10_81164628_C_T	.	.	.
10	81000463	10_81000463_C_T	C	T	10_81164629_C_T	.	.	.
10	81000468	10_81000468_C_T	C	T	10_81164634_C_T	.	.	.
3	153031463	3_153031463_C_T	C	T	3_153325826_C_T	.	.	.
3	153031466	3_153031466_C_T	C	T	3_153325829_C_T	.	.	.
3	153031471	3_153031471_C_T	C	T	3_153325834_C_T	.	.	.
3	153031472	3_153031472_C_T	C	T	3_153325835_C_T	.	.	.
3	153031473	3_153031473_C_T	C	T	3_153325836_C_T	.	.	.
3	153031478	3_153031478_C_T	C	T	3_153325841_C_T	.	.	.
5	73563918	5_73563918_G_A	G	A	5_73406575_G_A	.	.	.
5	73563915	5_73563915_G_A	G	A	5_73406572_G_A	.	.	.
5	73563914	5_73563914_G_A	G	A	5_73406571_G_A	.	.	.
5	73563910	5_73563910_G_A	G	A	5_73406567_G_A	.	.	.
5	73563909	5_73563909_G_A	G	A	5_73406566_G_A	.	.	.
5	73563908	5_73563908_G_A	G	A	5_73406565_G_A	.	.	.
5	73563904	5_73563904_G_A	G	A	5_73406561_G_A	.	.	.
5	73563903	5_73563903_G_A	G	A	5_73406560_G_A	.	.	.
2	156263754	2_156263754_C_T	C	T	2_156421834_C_T	.	.	.
2	156263757	2_156263757_C_T	C	T	2_156421837_C_T	.	.	.
2	156263758	2_156263758_C_T	C	T	2_156421838_C_T	.	.	.
2	156263760	2_156263760_C_T	C	T	2_156421840_C_T	.	.	.
2	156263762	2_156263762_C_T	C	T	2_156421842_C_T	.	.	.
2	156263763	2_156263763_C_T	C	T	2_156421843_C_T	.	.	.
2	156263764	2_156263764_C_T	C	T	2_156421844_C_T	.	.	.
2	156263771	2_156263771_C_T	C	T	2_156421851_C_T	.	.	.
4	148799445	4_148799445_C_T	C	T	4_148714988_C_T	.	.	.
4	148799449	4_148799449_C_T	C	T	4_148714992_C_T	.	.	.
4	148799450	4_148799450_C_T	C	T	4_148714993_C_T	.	.	.
4	148799455	4_148799455_C_T	C	T	4_148714998_C_T	.	.	.
4	148799456	4_148799456_C_T	C	T	4_148714999_C_T	.	.	.
4	148799457	4_148799457_C_T	C	T	4_148715000_C_T	.	.	.
4	148799462	4_148799462_C_T	C	T	4_148715005_C_T	.	.	.
14	29885866	14_29885866_C_T	C	T	14_30163909_C_T	.	.	.
14	29885871	14_29885871_C_T	C	T	14_30163914_C_T	.	.	.
14	29885872	14_29885872_C_T	C	T	14_30163915_C_T	.	.	.
14	29885877	14_29885877_C_T	C	T	14_30163920_C_T	.	.	.
14	29885878	14_29885878_C_T	C	T	14_30163921_C_T	.	.	.
14	29885884	14_29885884_C_T	C	T	14_30163927_C_T	.	.	.
3	66105116	3_66105116_C_T	C	T	3_66197695_C_T	.	.	.
3	66105117	3_66105117_C_T	C	T	3_66197696_C_T	.	.	.
3	66105122	3_66105122_C_T	C	T	3_66197701_C_T	.	.	.
3	66105123	3_66105123_C_T	C	T	3_66197702_C_T	.	.	.
3	66105129	3_66105129_C_T	C	T	3_66197708_C_T	.	.	.
18	25661152	18_25661152_C_T	C	T	18_25528095_C_T	.	.	.
18	25661155	18_25661155_C_T	C	T	18_25528098_C_T	.	.	.
18	25661161	18_25661161_C_T	C	T	18_25528104_C_T	.	.	.
18	25661163	18_25661163_C_T	C	T	18_25528106_C_T	.	.	.
18	25661168	18_25661168_C_T	C	T	18_25528111_C_T	.	.	.
9	58343568	9_58343568_G_A	G	A	9_58436285_G_A	.	.	.
9	58343565	9_58343565_G_A	G	A	9_58436282_G_A	.	.	.
9	58343564	9_58343564_G_A	G	A	9_58436281_G_A	.	.	.
9	58343559	9_58343559_G_A	G	A	9_58436276_G_A	.	.	.
9	58343558	9_58343558_G_A	G	A	9_58436275_G_A	.	.	.
9	58343557	9_58343557_G_A	G	A	9_58436274_G_A	.	.	.
9	58343552	9_58343552_G_A	G	A	9_58436269_G_A	.	.	.
12	111432532	12_111432532_C_T	C	T	12_111466098_C_T	.	.	.
12	111432533	12_111432533_C_T	C	T	12_111466099_C_T	.	.	.
12	111432538	12_111432538_C_T	C	T	12_111466104_C_T	.	.	.
12	111432539	12_111432539_C_T	C	T	12_111466105_C_T	.	.	.
12	111432545	12_111432545_C_T	C	T	12_111466111_C_T	.	.	.
13	114982287	13_114982287_G_A	G	A	13_114845751_G_A	.	.	.
13	114982284	13_114982284_G_A	G	A	13_114845748_G_A	.	.	.
13	114982278	13_114982278_G_A	G	A	13_114845742_G_A	.	.	.
13	114982277	13_114982277_G_A	G	A	13_114845741_G_A	.	.	.
13	114982276	13_114982276_G_A	G	A	13_114845740_G_A	.	.	.
13	114982270	13_114982270_G_A	G	A	13_114845734_G_A	.	.	.
7	142959498	7_142959498_C_T	C	T	7_143405761_C_T	.	.	.
7	142959501	7_142959501_C_T	C	T	7_143405764_C_T	.	.	.
7	142959502	7_142959502_C_T	C	T	7_143405765_C_T	.	.	.
7	142959503	7_142959503_C_T	C	T	7_143405766_C_T	.	.	.
7	142959505	7_142959505_C_T	C	T	7_143405768_C_T	.	.	.
7	142959507	7_142959507_C_T	C	T	7_143405770_C_T	.	.	.
7	142959508	7_142959508_C_T	C	T	7_143405771_C_T	.	.	.
7	142959509	7_142959509_C_T	C	T	7_143405772_C_T	.	.	.
7	142959514	7_142959514_C_T	C	T	7_143405777_C_T	.	.	.
8	89714551	8_89714551_C_T	C	T	8_88987923_C_T	.	.	.
8	89714554	8_89714554_C_T	C	T	8_88987926_C_T	.	.	.
8	89714560	8_89714560_C_T	C	T	8_88987932_C_T	.	.	.
8	89714561	8_89714561_C_T	C	T	8_88987933_C_T	.	.	.
8	89714567	8_89714567_C_T	C	T	8_88987939_C_T	.	.	.
8	42036753	8_42036753_G_A	G	A	8_41583716_G_A	.	.	.
8	42036750	8_42036750_G_A	G	A	8_41583713_G_A	.	.	.
8	42036749	8_42036749_G_A	G	A	8_41583712_G_A	.	.	.
8	42036745	8_42036745_G_A	G	A	8_41583708_G_A	.	.	.
8	42036744	8_42036744_G_A	G	A	8_41583707_G_A	.	.	.
8	42036743	8_42036743_G_A	G	A	8_41583706_G_A	.	.	.
8	42036737	8_42036737_G_A	G	A	8_41583700_G_A	.	.	.
16	38425481	16_38425481_G_A	G	A	16_38605119_G_A	.	.	.
16	38425476	16_38425476_G_A	G	A	16_38605114_G_A	.	.	.
16	38425475	16_38425475_G_A	G	A	16_38605113_G_A	.	.	.
16	38425474	16_38425474_G_A	G	A	16_38605112_G_A	.	.	.
16	38425469	16_38425469_G_A	G	A	16_38605107_G_A	.	.	.
2	153810143	2_153810143_G_A	G	A	2_153968223_G_A	.	.	.
2	153810140	2_153810140_G_A	G	A	2_153968220_G_A	.	.	.
2	153810139	2_153810139_G_A	G	A	2_153968219_G_A	.	.	.
2	153810138	2_153810138_G_A	G	A	2_153968218_G_A	.	.	.
2	153810134	2_153810134_G_A	G	A	2_153968214_G_A	.	.	.
2	153810133	2_153810133_G_A	G	A	2_153968213_G_A	.	.	.
2	153810126	2_153810126_G_A	G	A	2_153968206_G_A	.	.	.
4	85865507	4_85865507_C_T	C	T	4_85947270_C_T	.	.	.
4	85865510	4_85865510_C_T	C	T	4_85947273_C_T	.	.	.
4	85865511	4_85865511_C_T	C	T	4_85947274_C_T	.	.	.
4	85865514	4_85865514_C_T	C	T	4_85947277_C_T	.	.	.
4	85865516	4_85865516_C_T	C	T	4_85947279_C_T	.	.	.
4	85865517	4_85865517_C_T	C	T	4_85947280_C_T	.	.	.
4	85865518	4_85865518_C_T	C	T	4_85947281_C_T	.	.	.
4	85865523	4_85865523_C_T	C	T	4_85947286_C_T	.	.	.
17	22250967	17_22250967_G_A	G	A	17_22031986_G_A	.	.	.
17	22250964	17_22250964_G_A	G	A	17_22031983_G_A	.	.	.
17	22250960	17_22250960_G_A	G	A	17_22031979_G_A	.	.	.
17	22250958	17_22250958_G_A	G	A	17_22031977_G_A	.	.	.
17	22250956	17_22250956_G_A	G	A	17_22031975_G_A	.	.	.
17	9733236	17_9733236_C_T	C	T	17_9514404_C_T	.	.	.
17	9733239	17_9733239_C_T	C	T	17_9514407_C_T	.	.	.
17	9733244	17_9733244_C_T	C	T	17_9514412_C_T	.	.	.
17	9733245	17_9733245_C_T	C	T	17_9514413_C_T	.	.	.
17	9733246	17_9733246_C_T	C	T	17_9514414_C_T	.	.	.
17	9733252	17_9733252_C_T	C	T	17_9514420_C_T	.	.	.
4	138332578	4_138332578_C_T	C	T	4_138605267_C_T	.	.	.
4	138332585	4_138332585_C_T	C	T	4_138605274_C_T	.	.	.
4	138332587	4_138332587_C_T	C	T	4_138605276_C_T	.	.	.
4	138332588	4_138332588_C_T	C	T	4_138605277_C_T	.	.	.
4	138332589	4_138332589_C_T	C	T	4_138605278_C_T	.	.	.
4	138332594	4_138332594_C_T	C	T	4_138605283_C_T	.	.	.
6	29199382	6_29199382_C_T	C	T	6_29199383_C_T	.	.	.
6	29199385	6_29199385_C_T	C	T	6_29199386_C_T	.	.	.
6	29199389	6_29199389_C_T	C	T	6_29199390_C_T	.	.	.
6	29199391	6_29199391_C_T	C	T	6_29199392_C_T	.	.	.
6	29199392	6_29199392_C_T	C	T	6_29199393_C_T	.	.	.
6	29199393	6_29199393_C_T	C	T	6_29199394_C_T	.	.	.
6	29199398	6_29199398_C_T	C	T	6_29199399_C_T	.	.	.
4	152391336	4_152391336_G_A	G	A	4_152306879_G_A	.	.	.
4	152391334	4_152391334_G_A	G	A	4_152306877_G_A	.	.	.
4	152391331	4_152391331_G_A	G	A	4_152306874_G_A	.	.	.
4	152391325	4_152391325_G_A	G	A	4_152306868_G_A	.	.	.
4	152391324	4_152391324_G_A	G	A	4_152306867_G_A	.	.	.
4	152391318	4_152391318_G_A	G	A	4_152306861_G_A	.	.	.
5	92497426	5_92497426_C_T	C	T	5_92349567_C_T	.	.	.
5	92497429	5_92497429_C_T	C	T	5_92349570_C_T	.	.	.
5	92497435	5_92497435_C_T	C	T	5_92349576_C_T	.	.	.
5	92497436	5_92497436_C_T	C	T	5_92349577_C_T	.	.	.
5	92497442	5_92497442_C_T	C	T	5_92349583_C_T	.	.	.
5	92497443	5_92497443_C_T	C	T	5_92349584_C_T	.	.	.
4	132448107	4_132448107_C_T	C	T	4_132720796_C_T	.	.	.
4	132448109	4_132448109_C_T	C	T	4_132720798_C_T	.	.	.
4	132448112	4_132448112_C_T	C	T	4_132720801_C_T	.	.	.
4	132448113	4_132448113_C_T	C	T	4_132720802_C_T	.	.	.
4	132448116	4_132448116_C_T	C	T	4_132720805_C_T	.	.	.
4	132448119	4_132448119_C_T	C	T	4_132720808_C_T	.	.	.
4	132448125	4_132448125_C_T	C	T	4_132720814_C_T	.	.	.
10	6069838	10_6069838_G_A	G	A	10_6119838_G_A	.	.	.
10	6069835	10_6069835_G_A	G	A	10_6119835_G_A	.	.	.
10	6069829	10_6069829_G_A	G	A	10_6119829_G_A	.	.	.
10	6069828	10_6069828_G_A	G	A	10_6119828_G_A	.	.	.
10	6069827	10_6069827_G_A	G	A	10_6119827_G_A	.	.	.
10	6069822	10_6069822_G_A	G	A	10_6119822_G_A	.	.	.
10	43370324	10_43370324_C_T	C	T	10_43494328_C_T	.	.	.
10	43370327	10_43370327_C_T	C	T	10_43494331_C_T	.	.	.
10	43370333	10_43370333_C_T	C	T	10_43494337_C_T	.	.	.
10	43370334	10_43370334_C_T	C	T	10_43494338_C_T	.	.	.
10	43370335	10_43370335_C_T	C	T	10_43494339_C_T	.	.	.
9	36492967	9_36492967_C_T	C	T	9_36581671_C_T	.	.	.
9	36492968	9_36492968_C_T	C	T	9_36581672_C_T	.	.	.
9	36492971	9_36492971_C_T	C	T	9_36581675_C_T	.	.	.
9	36492972	9_36492972_C_T	C	T	9_36581676_C_T	.	.	.
9	36492977	9_36492977_C_T	C	T	9_36581681_C_T	.	.	.
9	36492978	9_36492978_C_T	C	T	9_36581682_C_T	.	.	.
16	84500268	16_84500268_C_T	C	T	16_84703380_C_T	.	.	.
16	84500271	16_84500271_C_T	C	T	16_84703383_C_T	.	.	.
16	84500272	16_84500272_C_T	C	T	16_84703384_C_T	.	.	.
16	84500274	16_84500274_C_T	C	T	16_84703386_C_T	.	.	.
16	84500277	16_84500277_C_T	C	T	16_84703389_C_T	.	.	.
16	84500278	16_84500278_C_T	C	T	16_84703390_C_T	.	.	.
16	84500279	16_84500279_C_T	C	T	16_84703391_C_T	.	.	.
16	84500284	16_84500284_C_T	C	T	16_84703396_C_T	.	.	.
17	26407298	17_26407298_C_T	C	T	17_26188324_C_T	.	.	.
17	26407302	17_26407302_C_T	C	T	17_26188328_C_T	.	.	.
17	26407307	17_26407307_C_T	C	T	17_26188333_C_T	.	.	.
17	26407308	17_26407308_C_T	C	T	17_26188334_C_T	.	.	.
17	26407309	17_26407309_C_T	C	T	17_26188335_C_T	.	.	.
17	26407313	17_26407313_C_T	C	T	17_26188339_C_T	.	.	.
17	26407314	17_26407314_C_T	C	T	17_26188340_C_T	.	.	.
15	76395816	15_76395816_G_A	G	A	15_76511616_G_A	.	.	.
15	76395815	15_76395815_G_A	G	A	15_76511615_G_A	.	.	.
15	76395812	15_76395812_G_A	G	A	15_76511612_G_A	.	.	.
15	76395811	15_76395811_G_A	G	A	15_76511611_G_A	.	.	.
15	76395810	15_76395810_G_A	G	A	15_76511610_G_A	.	.	.
15	76395806	15_76395806_G_A	G	A	15_76511606_G_A	.	.	.
15	76395805	15_76395805_G_A	G	A	15_76511605_G_A	.	.	.
15	76395804	15_76395804_G_A	G	A	15_76511604_G_A	.	.	.
15	76395799	15_76395799_G_A	G	A	15_76511599_G_A	.	.	.
2	116431635	2_116431635_G_A	G	A	2_116601154_G_A	.	.	.
2	116431632	2_116431632_G_A	G	A	2_116601151_G_A	.	.	.
2	116431631	2_116431631_G_A	G	A	2_116601150_G_A	.	.	.
2	116431626	2_116431626_G_A	G	A	2_116601145_G_A	.	.	.
2	116431624	2_116431624_G_A	G	A	2_116601143_G_A	.	.	.
2	116431619	2_116431619_G_A	G	A	2_116601138_G_A	.	.	.
5	28288639	5_28288639_C_T	C	T	5_28083641_C_T	.	.	.
5	28288642	5_28288642_C_T	C	T	5_28083644_C_T	.	.	.
5	28288643	5_28288643_C_T	C	T	5_28083645_C_T	.	.	.
5	28288648	5_28288648_C_T	C	T	5_28083650_C_T	.	.	.
5	28288649	5_28288649_C_T	C	T	5_28083651_C_T	.	.	.
5	28288650	5_28288650_C_T	C	T	5_28083652_C_T	.	.	.
5	28288655	5_28288655_C_T	C	T	5_28083657_C_T	.	.	.
5	28288657	5_28288657_C_T	C	T	5_28083659_C_T	.	.	.
4	53568104	4_53568104_G_A	G	A	4_53568104_G_A	.	.	.
4	53568101	4_53568101_G_A	G	A	4_53568101_G_A	.	.	.
4	53568100	4_53568100_G_A	G	A	4_53568100_G_A	.	.	.
4	53568099	4_53568099_G_A	G	A	4_53568099_G_A	.	.	.
4	53568094	4_53568094_G_A	G	A	4_53568094_G_A	.	.	.
4	53568093	4_53568093_G_A	G	A	4_53568093_G_A	.	.	.
4	53568088	4_53568088_G_A	G	A	4_53568088_G_A	.	.	.
18	75813620	18_75813620_C_T	C	T	18_75680549_C_T	.	.	.
18	75813621	18_75813621_C_T	C	T	18_75680550_C_T	.	.	.
18	75813626	18_75813626_C_T	C	T	18_75680555_C_T	.	.	.
18	75813627	18_75813627_C_T	C	T	18_75680556_C_T	.	.	.
2	102044023	2_102044023_C_T	C	T	2_102213678_C_T	.	.	.
2	102044032	2_102044032_C_T	C	T	2_102213687_C_T	.	.	.
2	102044033	2_102044033_C_T	C	T	2_102213688_C_T	.	.	.
2	102044034	2_102044034_C_T	C	T	2_102213689_C_T	.	.	.
2	102044038	2_102044038_C_T	C	T	2_102213693_C_T	.	.	.
2	102044039	2_102044039_C_T	C	T	2_102213694_C_T	.	.	.
7	47354078	7_47354078_G_A	G	A	7_47704330_G_A	.	.	.
7	47354075	7_47354075_G_A	G	A	7_47704327_G_A	.	.	.
7	47354069	7_47354069_G_A	G	A	7_47704321_G_A	.	.	.
7	47354068	7_47354068_G_A	G	A	7_47704320_G_A	.	.	.
7	47354062	7_47354062_G_A	G	A	7_47704314_G_A	.	.	.
16	94294881	16_94294881_G_A	G	A	16_94494022_G_A	.	.	.
16	94294878	16_94294878_G_A	G	A	16_94494019_G_A	.	.	.
16	94294877	16_94294877_G_A	G	A	16_94494018_G_A	.	.	.
16	94294872	16_94294872_G_A	G	A	16_94494013_G_A	.	.	.
16	94294871	16_94294871_G_A	G	A	16_94494012_G_A	.	.	.
16	94294865	16_94294865_G_A	G	A	16_94494006_G_A	.	.	.
4	114121662	4_114121662_C_T	C	T	4_114264465_C_T	.	.	.
4	114121663	4_114121663_C_T	C	T	4_114264466_C_T	.	.	.
4	114121668	4_114121668_C_T	C	T	4_114264471_C_T	.	.	.
4	114121669	4_114121669_C_T	C	T	4_114264472_C_T	.	.	.
4	114121670	4_114121670_C_T	C	T	4_114264473_C_T	.	.	.
4	114121675	4_114121675_C_T	C	T	4_114264478_C_T	.	.	.
15	12232463	15_12232463_C_T	C	T	15_12232377_C_T	.	.	.
15	12232466	15_12232466_C_T	C	T	15_12232380_C_T	.	.	.
15	12232467	15_12232467_C_T	C	T	15_12232381_C_T	.	.	.
15	12232473	15_12232473_C_T	C	T	15_12232387_C_T	.	.	.
15	12232479	15_12232479_C_T	C	T	15_12232393_C_T	.	.	.
6	133836848	6_133836848_C_T	C	T	6_133859885_C_T	.	.	.
6	133836851	6_133836851_C_T	C	T	6_133859888_C_T	.	.	.
6	133836852	6_133836852_C_T	C	T	6_133859889_C_T	.	.	.
6	133836858	6_133836858_C_T	C	T	6_133859895_C_T	.	.	.
6	133836864	6_133836864_C_T	C	T	6_133859901_C_T	.	.	.
17	83335632	17_83335632_C_T	C	T	17_83028203_C_T	.	.	.
17	83335637	17_83335637_C_T	C	T	17_83028208_C_T	.	.	.
17	83335643	17_83335643_C_T	C	T	17_83028214_C_T	.	.	.
17	83335644	17_83335644_C_T	C	T	17_83028215_C_T	.	.	.
17	83335650	17_83335650_C_T	C	T	17_83028221_C_T	.	.	.
1	126667399	1_126667399_C_T	C	T	1_126739662_C_T	.	.	.
1	126667402	1_126667402_C_T	C	T	1_126739665_C_T	.	.	.
1	126667407	1_126667407_C_T	C	T	1_126739670_C_T	.	.	.
1	126667408	1_126667408_C_T	C	T	1_126739671_C_T	.	.	.
1	126667409	1_126667409_C_T	C	T	1_126739672_C_T	.	.	.
1	126667415	1_126667415_C_T	C	T	1_126739678_C_T	.	.	.
12	100409003	12_100409003_G_A	G	A	12_100442744_G_A	.	.	.
12	100409000	12_100409000_G_A	G	A	12_100442741_G_A	.	.	.
12	100408994	12_100408994_G_A	G	A	12_100442735_G_A	.	.	.
12	100408993	12_100408993_G_A	G	A	12_100442734_G_A	.	.	.
12	100408987	12_100408987_G_A	G	A	12_100442728_G_A	.	.	.
14	66965238	14_66965238_G_A	G	A	14_66727789_G_A	.	.	.
14	66965237	14_66965237_G_A	G	A	14_66727788_G_A	.	.	.
14	66965233	14_66965233_G_A	G	A	14_66727784_G_A	.	.	.
14	66965232	14_66965232_G_A	G	A	14_66727783_G_A	.	.	.
14	66965228	14_66965228_G_A	G	A	14_66727779_G_A	.	.	.
14	66965227	14_66965227_G_A	G	A	14_66727778_G_A	.	.	.
14	66965226	14_66965226_G_A	G	A	14_66727777_G_A	.	.	.
14	66965220	14_66965220_G_A	G	A	14_66727771_G_A	.	.	.
8	95616653	8_95616653_C_T	C	T	8_94890025_C_T	.	.	.
8	95616656	8_95616656_C_T	C	T	8_94890028_C_T	.	.	.
8	95616657	8_95616657_C_T	C	T	8_94890029_C_T	.	.	.
8	95616658	8_95616658_C_T	C	T	8_94890030_C_T	.	.	.
8	95616660	8_95616660_C_T	C	T	8_94890032_C_T	.	.	.
8	95616662	8_95616662_C_T	C	T	8_94890034_C_T	.	.	.
8	95616663	8_95616663_C_T	C	T	8_94890035_C_T	.	.	.
8	95616664	8_95616664_C_T	C	T	8_94890036_C_T	.	.	.
8	95616669	8_95616669_C_T	C	T	8_94890041_C_T	.	.	.
13	101368288	13_101368288_C_T	C	T	13_101231780_C_T	.	.	.
13	101368291	13_101368291_C_T	C	T	13_101231783_C_T	.	.	.
13	101368292	13_101368292_C_T	C	T	13_101231784_C_T	.	.	.
13	101368298	13_101368298_C_T	C	T	13_101231790_C_T	.	.	.
13	101368299	13_101368299_C_T	C	T	13_101231791_C_T	.	.	.
13	101368304	13_101368304_C_T	C	T	13_101231796_C_T	.	.	.
10	50771278	10_50771278_C_T	C	T	10_50895182_C_T	.	.	.
10	50771281	10_50771281_C_T	C	T	10_50895185_C_T	.	.	.
10	50771282	10_50771282_C_T	C	T	10_50895186_C_T	.	.	.
10	50771288	10_50771288_C_T	C	T	10_50895192_C_T	.	.	.
10	50771289	10_50771289_C_T	C	T	10_50895193_C_T	.	.	.
10	50771294	10_50771294_C_T	C	T	10_50895198_C_T	.	.	.
X	13314400	X_13314400_C_T	C	T	X_13448161_C_T	.	.	.
X	13314404	X_13314404_C_T	C	T	X_13448165_C_T	.	.	.
X	13314409	X_13314409_C_T	C	T	X_13448170_C_T	.	.	.
X	13314410	X_13314410_C_T	C	T	X_13448171_C_T	.	.	.
X	13314416	X_13314416_C_T	C	T	X_13448177_C_T	.	.	.
5	67372071	5_67372071_C_T	C	T	5_67214728_C_T	.	.	.
5	67372074	5_67372074_C_T	C	T	5_67214731_C_T	.	.	.
5	67372075	5_67372075_C_T	C	T	5_67214732_C_T	.	.	.
5	67372077	5_67372077_C_T	C	T	5_67214734_C_T	.	.	.
5	67372080	5_67372080_C_T	C	T	5_67214737_C_T	.	.	.
5	67372081	5_67372081_C_T	C	T	5_67214738_C_T	.	.	.
5	37373389	5_37373389_C_T	C	T	5_37216045_C_T	.	.	.
5	37373390	5_37373390_C_T	C	T	5_37216046_C_T	.	.	.
5	37373395	5_37373395_C_T	C	T	5_37216051_C_T	.	.	.
5	37373396	5_37373396_C_T	C	T	5_37216052_C_T	.	.	.
5	37373397	5_37373397_C_T	C	T	5_37216053_C_T	.	.	.
5	37373402	5_37373402_C_T	C	T	5_37216058_C_T	.	.	.
13	57633780	13_57633780_G_A	G	A	13_57485967_G_A	.	.	.
13	57633774	13_57633774_G_A	G	A	13_57485961_G_A	.	.	.
13	57633773	13_57633773_G_A	G	A	13_57485960_G_A	.	.	.
13	57633772	13_57633772_G_A	G	A	13_57485959_G_A	.	.	.
13	57633767	13_57633767_G_A	G	A	13_57485954_G_A	.	.	.
17	28910483	17_28910483_G_A	G	A	17_28691509_G_A	.	.	.
17	28910480	17_28910480_G_A	G	A	17_28691506_G_A	.	.	.
17	28910479	17_28910479_G_A	G	A	17_28691505_G_A	.	.	.
17	28910477	17_28910477_G_A	G	A	17_28691503_G_A	.	.	.
17	28910475	17_28910475_G_A	G	A	17_28691501_G_A	.	.	.
17	28910474	17_28910474_G_A	G	A	17_28691500_G_A	.	.	.
17	28910473	17_28910473_G_A	G	A	17_28691499_G_A	.	.	.
17	28910472	17_28910472_G_A	G	A	17_28691498_G_A	.	.	.
11	52946405	11_52946405_C_T	C	T	11_53055578_C_T	.	.	.
11	52946408	11_52946408_C_T	C	T	11_53055581_C_T	.	.	.
11	52946409	11_52946409_C_T	C	T	11_53055582_C_T	.	.	.
11	52946412	11_52946412_C_T	C	T	11_53055585_C_T	.	.	.
11	52946414	11_52946414_C_T	C	T	11_53055587_C_T	.	.	.
11	52946415	11_52946415_C_T	C	T	11_53055588_C_T	.	.	.
11	52946416	11_52946416_C_T	C	T	11_53055589_C_T	.	.	.
11	52946421	11_52946421_C_T	C	T	11_53055594_C_T	.	.	.
10	13182284	10_13182284_C_T	C	T	10_13306540_C_T	.	.	.
10	13182287	10_13182287_C_T	C	T	10_13306543_C_T	.	.	.
10	13182288	10_13182288_C_T	C	T	10_13306544_C_T	.	.	.
10	13182293	10_13182293_C_T	C	T	10_13306549_C_T	.	.	.
10	13182294	10_13182294_C_T	C	T	10_13306550_C_T	.	.	.
10	13182295	10_13182295_C_T	C	T	10_13306551_C_T	.	.	.
10	13182300	10_13182300_C_T	C	T	10_13306556_C_T	.	.	.
10	13182301	10_13182301_C_T	C	T	10_13306557_C_T	.	.	.
15	18445236	15_18445236_C_T	C	T	15_18445150_C_T	.	.	.
15	18445237	15_18445237_C_T	C	T	15_18445151_C_T	.	.	.
15	18445242	15_18445242_C_T	C	T	15_18445156_C_T	.	.	.
15	18445243	15_18445243_C_T	C	T	15_18445157_C_T	.	.	.
15	18445244	15_18445244_C_T	C	T	15_18445158_C_T	.	.	.
15	18445249	15_18445249_C_T	C	T	15_18445163_C_T	.	.	.
15	18445250	15_18445250_C_T	C	T	15_18445164_C_T	.	.	.
15	18445251	15_18445251_C_T	C	T	15_18445165_C_T	.	.	.
1	71649348	1_71649348_G_A	G	A	1_71610189_G_A	.	.	.
1	71649342	1_71649342_G_A	G	A	1_71610183_G_A	.	.	.
1	71649341	1_71649341_G_A	G	A	1_71610182_G_A	.	.	.
1	71649340	1_71649340_G_A	G	A	1_71610181_G_A	.	.	.
1	71649335	1_71649335_G_A	G	A	1_71610176_G_A	.	.	.
1	71649334	1_71649334_G_A	G	A	1_71610175_G_A	.	.	.
5	105965413	5_105965413_G_A	G	A	5_105817547_G_A	.	.	.
5	105965410	5_105965410_G_A	G	A	5_105817544_G_A	.	.	.
5	105965404	5_105965404_G_A	G	A	5_105817538_G_A	.	.	.
5	105965403	5_105965403_G_A	G	A	5_105817537_G_A	.	.	.
5	105965397	5_105965397_G_A	G	A	5_105817531_G_A	.	.	.
4	129579958	4_129579958_G_A	G	A	4_129686165_G_A	.	.	.
4	129579957	4_129579957_G_A	G	A	4_129686164_G_A	.	.	.
4	129579952	4_129579952_G_A	G	A	4_129686159_G_A	.	.	.
4	129579951	4_129579951_G_A	G	A	4_129686158_G_A	.	.	.
4	129579945	4_129579945_G_A	G	A	4_129686152_G_A	.	.	.
8	103870094	8_103870094_G_A	G	A	8_103143462_G_A	.	.	.
8	103870091	8_103870091_G_A	G	A	8_103143459_G_A	.	.	.
8	103870085	8_103870085_G_A	G	A	8_103143453_G_A	.	.	.
8	103870084	8_103870084_G_A	G	A	8_103143452_G_A	.	.	.
8	103870083	8_103870083_G_A	G	A	8_103143451_G_A	.	.	.
8	103870078	8_103870078_G_A	G	A	8_103143446_G_A	.	.	.
11	5211291	11_5211291_C_T	C	T	11_5261291_C_T	.	.	.
11	5211292	11_5211292_C_T	C	T	11_5261292_C_T	.	.	.
11	5211295	11_5211295_C_T	C	T	11_5261295_C_T	.	.	.
11	5211297	11_5211297_C_T	C	T	11_5261297_C_T	.	.	.
11	5211299	11_5211299_C_T	C	T	11_5261299_C_T	.	.	.
11	5211304	11_5211304_C_T	C	T	11_5261304_C_T	.	.	.
8	104212112	8_104212112_C_T	C	T	8_103485480_C_T	.	.	.
8	104212116	8_104212116_C_T	C	T	8_103485484_C_T	.	.	.
8	104212117	8_104212117_C_T	C	T	8_103485485_C_T	.	.	.
8	104212122	8_104212122_C_T	C	T	8_103485490_C_T	.	.	.
8	104212123	8_104212123_C_T	C	T	8_103485491_C_T	.	.	.
8	104212124	8_104212124_C_T	C	T	8_103485492_C_T	.	.	.
8	104212129	8_104212129_C_T	C	T	8_103485497_C_T	.	.	.
8	126915563	8_126915563_C_T	C	T	8_126188824_C_T	.	.	.
8	126915565	8_126915565_C_T	C	T	8_126188826_C_T	.	.	.
8	126915569	8_126915569_C_T	C	T	8_126188830_C_T	.	.	.
8	126915574	8_126915574_C_T	C	T	8_126188835_C_T	.	.	.
8	126915575	8_126915575_C_T	C	T	8_126188836_C_T	.	.	.
3	99089176	3_99089176_G_A	G	A	3_99181860_G_A	.	.	.
3	99089175	3_99089175_G_A	G	A	3_99181859_G_A	.	.	.
3	99089170	3_99089170_G_A	G	A	3_99181854_G_A	.	.	.
3	99089169	3_99089169_G_A	G	A	3_99181853_G_A	.	.	.
3	99089163	3_99089163_G_A	G	A	3_99181847_G_A	.	.	.
X	98514308	X_98514308_G_A	G	A	X_99470702_G_A	.	.	.
X	98514307	X_98514307_G_A	G	A	X_99470701_G_A	.	.	.
X	98514302	X_98514302_G_A	G	A	X_99470696_G_A	.	.	.
X	98514301	X_98514301_G_A	G	A	X_99470695_G_A	.	.	.
X	98514300	X_98514300_G_A	G	A	X_99470694_G_A	.	.	.
X	98514295	X_98514295_G_A	G	A	X_99470689_G_A	.	.	.
X	98514292	X_98514292_G_A	G	A	X_99470686_G_A	.	.	.
15	96809535	15_96809535_C_T	C	T	15_96911654_C_T	.	.	.
15	96809536	15_96809536_C_T	C	T	15_96911655_C_T	.	.	.
15	96809539	15_96809539_C_T	C	T	15_96911658_C_T	.	.	.
15	96809540	15_96809540_C_T	C	T	15_96911659_C_T	.	.	.
15	96809543	15_96809543_C_T	C	T	15_96911662_C_T	.	.	.
15	96809545	15_96809545_C_T	C	T	15_96911664_C_T	.	.	.
15	96809546	15_96809546_C_T	C	T	15_96911665_C_T	.	.	.
15	96809552	15_96809552_C_T	C	T	15_96911671_C_T	.	.	.
2	32262501	2_32262501_C_T	C	T	2_32372489_C_T	.	.	.
2	32262502	2_32262502_C_T	C	T	2_32372490_C_T	.	.	.
2	32262505	2_32262505_C_T	C	T	2_32372493_C_T	.	.	.
2	32262511	2_32262511_C_T	C	T	2_32372499_C_T	.	.	.
2	32262513	2_32262513_C_T	C	T	2_32372501_C_T	.	.	.
2	32262518	2_32262518_C_T	C	T	2_32372506_C_T	.	.	.
11	71762108	11_71762108_C_T	C	T	11_71871282_C_T	.	.	.
11	71762109	11_71762109_C_T	C	T	11_71871283_C_T	.	.	.
11	71762113	11_71762113_C_T	C	T	11_71871287_C_T	.	.	.
11	71762114	11_71762114_C_T	C	T	11_71871288_C_T	.	.	.
11	71762117	11_71762117_C_T	C	T	11_71871291_C_T	.	.	.
11	71762119	11_71762119_C_T	C	T	11_71871293_C_T	.	.	.
11	71762120	11_71762120_C_T	C	T	11_71871294_C_T	.	.	.
11	71762126	11_71762126_C_T	C	T	11_71871300_C_T	.	.	.
10	77905726	10_77905726_C_T	C	T	10_78069892_C_T	.	.	.
10	77905727	10_77905727_C_T	C	T	10_78069893_C_T	.	.	.
10	77905730	10_77905730_C_T	C	T	10_78069896_C_T	.	.	.
10	77905736	10_77905736_C_T	C	T	10_78069902_C_T	.	.	.
10	77905737	10_77905737_C_T	C	T	10_78069903_C_T	.	.	.
10	77905738	10_77905738_C_T	C	T	10_78069904_C_T	.	.	.
10	77905743	10_77905743_C_T	C	T	10_78069909_C_T	.	.	.
18	29191779	18_29191779_G_A	G	A	18_29058726_G_A	.	.	.
18	29191776	18_29191776_G_A	G	A	18_29058723_G_A	.	.	.
18	29191770	18_29191770_G_A	G	A	18_29058717_G_A	.	.	.
18	29191769	18_29191769_G_A	G	A	18_29058716_G_A	.	.	.
18	29191763	18_29191763_G_A	G	A	18_29058710_G_A	.	.	.
3	144125863	3_144125863_C_T	C	T	3_144420102_C_T	.	.	.
3	144125866	3_144125866_C_T	C	T	3_144420105_C_T	.	.	.
3	144125872	3_144125872_C_T	C	T	3_144420111_C_T	.	.	.
3	144125873	3_144125873_C_T	C	T	3_144420112_C_T	.	.	.
3	144125879	3_144125879_C_T	C	T	3_144420118_C_T	.	.	.
9	102870194	9_102870194_G_A	G	A	9_102992995_G_A	.	.	.
9	102870191	9_102870191_G_A	G	A	9_102992992_G_A	.	.	.
9	102870185	9_102870185_G_A	G	A	9_102992986_G_A	.	.	.
9	102870184	9_102870184_G_A	G	A	9_102992985_G_A	.	.	.
9	102870183	9_102870183_G_A	G	A	9_102992984_G_A	.	.	.
9	102870176	9_102870176_G_A	G	A	9_102992977_G_A	.	.	.
9	118587575	9_118587575_C_T	C	T	9_118758507_C_T	.	.	.
9	118587576	9_118587576_C_T	C	T	9_118758508_C_T	.	.	.
9	118587577	9_118587577_C_T	C	T	9_118758509_C_T	.	.	.
9	118587580	9_118587580_C_T	C	T	9_118758512_C_T	.	.	.
9	118587581	9_118587581_C_T	C	T	9_118758513_C_T	.	.	.
9	118587586	9_118587586_C_T	C	T	9_118758518_C_T	.	.	.
9	118587587	9_118587587_C_T	C	T	9_118758519_C_T	.	.	.
9	118587588	9_118587588_C_T	C	T	9_118758520_C_T	.	.	.
9	118587597	9_118587597_C_T	C	T	9_118758529_C_T	.	.	.
9	46378018	9_46378018_C_T	C	T	9_46466720_C_T	.	.	.
9	46378021	9_46378021_C_T	C	T	9_46466723_C_T	.	.	.
9	46378022	9_46378022_C_T	C	T	9_46466724_C_T	.	.	.
9	46378027	9_46378027_C_T	C	T	9_46466729_C_T	.	.	.
9	46378028	9_46378028_C_T	C	T	9_46466730_C_T	.	.	.
9	46378034	9_46378034_C_T	C	T	9_46466736_C_T	.	.	.
9	46378037	9_46378037_C_T	C	T	9_46466739_C_T	.	.	.
11	103720384	11_103720384_C_T	C	T	11_103829558_C_T	.	.	.
11	103720387	11_103720387_C_T	C	T	11_103829561_C_T	.	.	.
11	103720388	11_103720388_C_T	C	T	11_103829562_C_T	.	.	.
11	103720391	11_103720391_C_T	C	T	11_103829565_C_T	.	.	.
11	103720393	11_103720393_C_T	C	T	11_103829567_C_T	.	.	.
11	103720394	11_103720394_C_T	C	T	11_103829568_C_T	.	.	.
11	103720395	11_103720395_C_T	C	T	11_103829569_C_T	.	.	.
11	52311369	11_52311369_G_A	G	A	11_52420542_G_A	.	.	.
11	52311366	11_52311366_G_A	G	A	11_52420539_G_A	.	.	.
11	52311365	11_52311365_G_A	G	A	11_52420538_G_A	.	.	.
11	52311362	11_52311362_G_A	G	A	11_52420535_G_A	.	.	.
11	52311360	11_52311360_G_A	G	A	11_52420533_G_A	.	.	.
11	52311359	11_52311359_G_A	G	A	11_52420532_G_A	.	.	.
11	52311358	11_52311358_G_A	G	A	11_52420531_G_A	.	.	.
11	52311353	11_52311353_G_A	G	A	11_52420526_G_A	.	.	.
11	52311351	11_52311351_G_A	G	A	11_52420524_G_A	.	.	.
13	49229188	13_49229188_G_A	G	A	13_49075712_G_A	.	.	.
13	49229187	13_49229187_G_A	G	A	13_49075711_G_A	.	.	.
13	49229182	13_49229182_G_A	G	A	13_49075706_G_A	.	.	.
13	49229181	13_49229181_G_A	G	A	13_49075705_G_A	.	.	.
13	49229175	13_49229175_G_A	G	A	13_49075699_G_A	.	.	.
1	87858426	1_87858426_G_A	G	A	1_87930704_G_A	.	.	.
1	87858420	1_87858420_G_A	G	A	1_87930698_G_A	.	.	.
1	87858419	1_87858419_G_A	G	A	1_87930697_G_A	.	.	.
1	87858418	1_87858418_G_A	G	A	1_87930696_G_A	.	.	.
1	87858413	1_87858413_G_A	G	A	1_87930691_G_A	.	.	.
2	124447059	2_124447059_C_T	C	T	2_124605139_C_T	.	.	.
2	124447062	2_124447062_C_T	C	T	2_124605142_C_T	.	.	.
2	124447068	2_124447068_C_T	C	T	2_124605148_C_T	.	.	.
2	124447069	2_124447069_C_T	C	T	2_124605149_C_T	.	.	.
2	124447070	2_124447070_C_T	C	T	2_124605150_C_T	.	.	.
2	124447075	2_124447075_C_T	C	T	2_124605155_C_T	.	.	.
2	124447077	2_124447077_C_T	C	T	2_124605157_C_T	.	.	.
13	20109555	13_20109555_G_A	G	A	13_19925385_G_A	.	.	.
13	20109554	13_20109554_G_A	G	A	13_19925384_G_A	.	.	.
13	20109551	13_20109551_G_A	G	A	13_19925381_G_A	.	.	.
13	20109545	13_20109545_G_A	G	A	13_19925375_G_A	.	.	.
13	20109543	13_20109543_G_A	G	A	13_19925373_G_A	.	.	.
13	20109538	13_20109538_G_A	G	A	13_19925368_G_A	.	.	.
18	4709139	18_4709139_C_T	C	T	18_4709139_C_T	.	.	.
18	4709145	18_4709145_C_T	C	T	18_4709145_C_T	.	.	.
18	4709146	18_4709146_C_T	C	T	18_4709146_C_T	.	.	.
18	4709151	18_4709151_C_T	C	T	18_4709151_C_T	.	.	.
18	4709152	18_4709152_C_T	C	T	18_4709152_C_T	.	.	.
8	120557587	8_120557587_C_T	C	T	8_119830848_C_T	.	.	.
8	120557590	8_120557590_C_T	C	T	8_119830851_C_T	.	.	.
8	120557591	8_120557591_C_T	C	T	8_119830852_C_T	.	.	.
8	120557595	8_120557595_C_T	C	T	8_119830856_C_T	.	.	.
8	120557596	8_120557596_C_T	C	T	8_119830857_C_T	.	.	.
8	120557597	8_120557597_C_T	C	T	8_119830858_C_T	.	.	.
8	120557598	8_120557598_C_T	C	T	8_119830859_C_T	.	.	.
8	120557603	8_120557603_C_T	C	T	8_119830864_C_T	.	.	.
8	124676077	8_124676077_C_T	C	T	8_123949338_C_T	.	.	.
8	124676080	8_124676080_C_T	C	T	8_123949341_C_T	.	.	.
8	124676082	8_124676082_C_T	C	T	8_123949343_C_T	.	.	.
8	124676083	8_124676083_C_T	C	T	8_123949344_C_T	.	.	.
8	124676088	8_124676088_C_T	C	T	8_123949349_C_T	.	.	.
8	124676090	8_124676090_C_T	C	T	8_123949351_C_T	.	.	.
8	124676095	8_124676095_C_T	C	T	8_123949356_C_T	.	.	.
9	18745942	9_18745942_G_A	G	A	9_18834646_G_A	.	.	.
9	18745938	9_18745938_G_A	G	A	9_18834642_G_A	.	.	.
9	18745937	9_18745937_G_A	G	A	9_18834641_G_A	.	.	.
9	18745936	9_18745936_G_A	G	A	9_18834640_G_A	.	.	.
9	18745933	9_18745933_G_A	G	A	9_18834637_G_A	.	.	.
9	18745932	9_18745932_G_A	G	A	9_18834636_G_A	.	.	.
9	18745931	9_18745931_G_A	G	A	9_18834635_G_A	.	.	.
9	18745930	9_18745930_G_A	G	A	9_18834634_G_A	.	.	.
9	18745925	9_18745925_G_A	G	A	9_18834629_G_A	.	.	.
9	77935770	9_77935770_C_T	C	T	9_78028488_C_T	.	.	.
9	77935771	9_77935771_C_T	C	T	9_78028489_C_T	.	.	.
9	77935776	9_77935776_C_T	C	T	9_78028494_C_T	.	.	.
9	77935777	9_77935777_C_T	C	T	9_78028495_C_T	.	.	.
9	77935783	9_77935783_C_T	C	T	9_78028501_C_T	.	.	.
12	36423400	12_36423400_C_T	C	T	12_36373401_C_T	.	.	.
12	36423403	12_36423403_C_T	C	T	12_36373404_C_T	.	.	.
12	36423404	12_36423404_C_T	C	T	12_36373405_C_T	.	.	.
12	36423405	12_36423405_C_T	C	T	12_36373406_C_T	.	.	.
12	36423409	12_36423409_C_T	C	T	12_36373410_C_T	.	.	.
12	36423410	12_36423410_C_T	C	T	12_36373411_C_T	.	.	.
12	36423416	12_36423416_C_T	C	T	12_36373417_C_T	.	.	.
1	74626922	1_74626922_C_T	C	T	1_74587763_C_T	.	.	.
1	74626925	1_74626925_C_T	C	T	1_74587766_C_T	.	.	.
1	74626931	1_74626931_C_T	C	T	1_74587772_C_T	.	.	.
1	74626932	1_74626932_C_T	C	T	1_74587773_C_T	.	.	.
1	74626933	1_74626933_C_T	C	T	1_74587774_C_T	.	.	.
1	74626937	1_74626937_C_T	C	T	1_74587778_C_T	.	.	.
1	74626942	1_74626942_C_T	C	T	1_74587783_C_T	.	.	.
3	130411235	3_130411235_C_T	C	T	3_130617586_C_T	.	.	.
3	130411236	3_130411236_C_T	C	T	3_130617587_C_T	.	.	.
3	130411238	3_130411238_C_T	C	T	3_130617589_C_T	.	.	.
3	130411239	3_130411239_C_T	C	T	3_130617590_C_T	.	.	.
3	130411244	3_130411244_C_T	C	T	3_130617595_C_T	.	.	.
3	130411245	3_130411245_C_T	C	T	3_130617596_C_T	.	.	.
3	130411246	3_130411246_C_T	C	T	3_130617597_C_T	.	.	.
3	130411251	3_130411251_C_T	C	T	3_130617602_C_T	.	.	.
10	79555999	10_79555999_C_T	C	T	10_79720165_C_T	.	.	.
10	79556002	10_79556002_C_T	C	T	10_79720168_C_T	.	.	.
10	79556008	10_79556008_C_T	C	T	10_79720174_C_T	.	.	.
10	79556009	10_79556009_C_T	C	T	10_79720175_C_T	.	.	.
11	113464465	11_113464465_C_T	C	T	11_113573639_C_T	.	.	.
11	113464468	11_113464468_C_T	C	T	11_113573642_C_T	.	.	.
11	113464469	11_113464469_C_T	C	T	11_113573643_C_T	.	.	.
11	113464470	11_113464470_C_T	C	T	11_113573644_C_T	.	.	.
11	113464474	11_113464474_C_T	C	T	11_113573648_C_T	.	.	.
11	113464475	11_113464475_C_T	C	T	11_113573649_C_T	.	.	.
11	113464476	11_113464476_C_T	C	T	11_113573650_C_T	.	.	.
11	113464481	11_113464481_C_T	C	T	11_113573655_C_T	.	.	.
11	113464482	11_113464482_C_T	C	T	11_113573656_C_T	.	.	.
14	121503685	14_121503685_C_T	C	T	14_121266273_C_T	.	.	.
14	121503688	14_121503688_C_T	C	T	14_121266276_C_T	.	.	.
14	121503694	14_121503694_C_T	C	T	14_121266282_C_T	.	.	.
14	121503695	14_121503695_C_T	C	T	14_121266283_C_T	.	.	.
14	121503696	14_121503696_C_T	C	T	14_121266284_C_T	.	.	.
14	121503701	14_121503701_C_T	C	T	14_121266289_C_T	.	.	.
15	31592451	15_31592451_C_T	C	T	15_31592305_C_T	.	.	.
15	31592455	15_31592455_C_T	C	T	15_31592309_C_T	.	.	.
15	31592459	15_31592459_C_T	C	T	15_31592313_C_T	.	.	.
15	31592460	15_31592460_C_T	C	T	15_31592314_C_T	.	.	.
15	31592461	15_31592461_C_T	C	T	15_31592315_C_T	.	.	.
15	31592462	15_31592462_C_T	C	T	15_31592316_C_T	.	.	.
15	31592467	15_31592467_C_T	C	T	15_31592321_C_T	.	.	.
1	188598948	1_188598948_C_T	C	T	1_188866751_C_T	.	.	.
1	188598951	1_188598951_C_T	C	T	1_188866754_C_T	.	.	.
1	188598952	1_188598952_C_T	C	T	1_188866755_C_T	.	.	.
1	188598957	1_188598957_C_T	C	T	1_188866760_C_T	.	.	.
1	188598958	1_188598958_C_T	C	T	1_188866761_C_T	.	.	.
1	188598964	1_188598964_C_T	C	T	1_188866767_C_T	.	.	.
7	132824805	7_132824805_C_T	C	T	7_133223076_C_T	.	.	.
7	132824806	7_132824806_C_T	C	T	7_133223077_C_T	.	.	.
7	132824811	7_132824811_C_T	C	T	7_133223082_C_T	.	.	.
7	132824812	7_132824812_C_T	C	T	7_133223083_C_T	.	.	.
7	132824818	7_132824818_C_T	C	T	7_133223089_C_T	.	.	.
8	121281603	8_121281603_G_A	G	A	8_120554864_G_A	.	.	.
8	121281600	8_121281600_G_A	G	A	8_120554861_G_A	.	.	.
8	121281594	8_121281594_G_A	G	A	8_120554855_G_A	.	.	.
8	121281593	8_121281593_G_A	G	A	8_120554854_G_A	.	.	.
8	121281592	8_121281592_G_A	G	A	8_120554853_G_A	.	.	.
8	121281587	8_121281587_G_A	G	A	8_120554848_G_A	.	.	.
8	121281585	8_121281585_G_A	G	A	8_120554846_G_A	.	.	.
8	13209761	8_13209761_G_A	G	A	8_13159761_G_A	.	.	.
8	13209759	8_13209759_G_A	G	A	8_13159759_G_A	.	.	.
8	13209758	8_13209758_G_A	G	A	8_13159758_G_A	.	.	.
8	13209757	8_13209757_G_A	G	A	8_13159757_G_A	.	.	.
8	13209754	8_13209754_G_A	G	A	8_13159754_G_A	.	.	.
8	13209752	8_13209752_G_A	G	A	8_13159752_G_A	.	.	.
8	13209751	8_13209751_G_A	G	A	8_13159751_G_A	.	.	.
8	13209750	8_13209750_G_A	G	A	8_13159750_G_A	.	.	.
8	13209749	8_13209749_G_A	G	A	8_13159749_G_A	.	.	.
8	13209745	8_13209745_G_A	G	A	8_13159745_G_A	.	.	.
11	115738212	11_115738212_G_A	G	A	11_115847386_G_A	.	.	.
11	115738209	11_115738209_G_A	G	A	11_115847383_G_A	.	.	.
11	115738208	11_115738208_G_A	G	A	11_115847382_G_A	.	.	.
11	115738207	11_115738207_G_A	G	A	11_115847381_G_A	.	.	.
11	115738205	11_115738205_G_A	G	A	11_115847379_G_A	.	.	.
11	115738203	11_115738203_G_A	G	A	11_115847377_G_A	.	.	.
11	115738202	11_115738202_G_A	G	A	11_115847376_G_A	.	.	.
11	115738201	11_115738201_G_A	G	A	11_115847375_G_A	.	.	.
11	115738196	11_115738196_G_A	G	A	11_115847370_G_A	.	.	.
11	115738195	11_115738195_G_A	G	A	11_115847369_G_A	.	.	.
13	29519542	13_29519542_G_A	G	A	13_29335559_G_A	.	.	.
13	29519541	13_29519541_G_A	G	A	13_29335558_G_A	.	.	.
13	29519532	13_29519532_G_A	G	A	13_29335549_G_A	.	.	.
13	29519531	13_29519531_G_A	G	A	13_29335548_G_A	.	.	.
13	29519530	13_29519530_G_A	G	A	13_29335547_G_A	.	.	.
13	29519525	13_29519525_G_A	G	A	13_29335542_G_A	.	.	.
13	29519524	13_29519524_G_A	G	A	13_29335541_G_A	.	.	.
14	47662775	14_47662775_G_A	G	A	14_47425318_G_A	.	.	.
14	47662772	14_47662772_G_A	G	A	14_47425315_G_A	.	.	.
14	47662771	14_47662771_G_A	G	A	14_47425314_G_A	.	.	.
14	47662765	14_47662765_G_A	G	A	14_47425308_G_A	.	.	.
14	47662759	14_47662759_G_A	G	A	14_47425302_G_A	.	.	.
14	47662757	14_47662757_G_A	G	A	14_47425300_G_A	.	.	.
15	45771222	15_45771222_C_T	C	T	15_45907826_C_T	.	.	.
15	45771223	15_45771223_C_T	C	T	15_45907827_C_T	.	.	.
15	45771228	15_45771228_C_T	C	T	15_45907832_C_T	.	.	.
15	45771229	15_45771229_C_T	C	T	15_45907833_C_T	.	.	.
15	45771230	15_45771230_C_T	C	T	15_45907834_C_T	.	.	.
15	45771235	15_45771235_C_T	C	T	15_45907839_C_T	.	.	.
6	140942543	6_140942543_G_A	G	A	6_140996817_G_A	.	.	.
6	140942540	6_140942540_G_A	G	A	6_140996814_G_A	.	.	.
6	140942539	6_140942539_G_A	G	A	6_140996813_G_A	.	.	.
6	140942534	6_140942534_G_A	G	A	6_140996808_G_A	.	.	.
6	140942533	6_140942533_G_A	G	A	6_140996807_G_A	.	.	.
6	140942532	6_140942532_G_A	G	A	6_140996806_G_A	.	.	.
6	140942527	6_140942527_G_A	G	A	6_140996801_G_A	.	.	.
6	34865953	6_34865953_C_T	C	T	6_34889018_C_T	.	.	.
6	34865956	6_34865956_C_T	C	T	6_34889021_C_T	.	.	.
6	34865957	6_34865957_C_T	C	T	6_34889022_C_T	.	.	.
6	34865963	6_34865963_C_T	C	T	6_34889028_C_T	.	.	.
6	34865964	6_34865964_C_T	C	T	6_34889029_C_T	.	.	.
6	34865969	6_34865969_C_T	C	T	6_34889034_C_T	.	.	.
8	78760426	8_78760426_C_T	C	T	8_78033797_C_T	.	.	.
8	78760432	8_78760432_C_T	C	T	8_78033803_C_T	.	.	.
8	78760434	8_78760434_C_T	C	T	8_78033805_C_T	.	.	.
8	78760439	8_78760439_C_T	C	T	8_78033810_C_T	.	.	.
11	43669861	11_43669861_C_T	C	T	11_43779034_C_T	.	.	.
11	43669864	11_43669864_C_T	C	T	11_43779037_C_T	.	.	.
11	43669865	11_43669865_C_T	C	T	11_43779038_C_T	.	.	.
11	43669870	11_43669870_C_T	C	T	11_43779043_C_T	.	.	.
11	43669871	11_43669871_C_T	C	T	11_43779044_C_T	.	.	.
11	43669877	11_43669877_C_T	C	T	11_43779050_C_T	.	.	.
16	11523437	16_11523437_G_A	G	A	16_11705573_G_A	.	.	.
16	11523434	16_11523434_G_A	G	A	16_11705570_G_A	.	.	.
16	11523431	16_11523431_G_A	G	A	16_11705567_G_A	.	.	.
16	11523428	16_11523428_G_A	G	A	16_11705564_G_A	.	.	.
16	11523427	16_11523427_G_A	G	A	16_11705563_G_A	.	.	.
16	11523421	16_11523421_G_A	G	A	16_11705557_G_A	.	.	.
16	11523417	16_11523417_G_A	G	A	16_11705553_G_A	.	.	.
4	86595117	4_86595117_C_T	C	T	4_86676880_C_T	.	.	.
4	86595120	4_86595120_C_T	C	T	4_86676883_C_T	.	.	.
4	86595125	4_86595125_C_T	C	T	4_86676888_C_T	.	.	.
4	86595126	4_86595126_C_T	C	T	4_86676889_C_T	.	.	.
4	86595127	4_86595127_C_T	C	T	4_86676890_C_T	.	.	.
4	86595132	4_86595132_C_T	C	T	4_86676895_C_T	.	.	.
5	44681782	5_44681782_C_T	C	T	5_44524440_C_T	.	.	.
5	44681791	5_44681791_C_T	C	T	5_44524449_C_T	.	.	.
5	44681792	5_44681792_C_T	C	T	5_44524450_C_T	.	.	.
5	44681793	5_44681793_C_T	C	T	5_44524451_C_T	.	.	.
5	44681798	5_44681798_C_T	C	T	5_44524456_C_T	.	.	.
X	146493821	X_146493821_C_T	C	T	X_147710825_C_T	.	.	.
X	146493822	X_146493822_C_T	C	T	X_147710826_C_T	.	.	.
X	146493825	X_146493825_C_T	C	T	X_147710829_C_T	.	.	.
X	146493830	X_146493830_C_T	C	T	X_147710834_C_T	.	.	.
X	146493831	X_146493831_C_T	C	T	X_147710835_C_T	.	.	.
X	146493832	X_146493832_C_T	C	T	X_147710836_C_T	.	.	.
X	146493837	X_146493837_C_T	C	T	X_147710841_C_T	.	.	.
10	107301789	10_107301789_C_T	C	T	10_107465928_C_T	.	.	.
10	107301792	10_107301792_C_T	C	T	10_107465931_C_T	.	.	.
10	107301793	10_107301793_C_T	C	T	10_107465932_C_T	.	.	.
10	107301798	10_107301798_C_T	C	T	10_107465937_C_T	.	.	.
10	107301799	10_107301799_C_T	C	T	10_107465938_C_T	.	.	.
10	107301800	10_107301800_C_T	C	T	10_107465939_C_T	.	.	.
10	107301805	10_107301805_C_T	C	T	10_107465944_C_T	.	.	.
10	122651871	10_122651871_C_T	C	T	10_122815966_C_T	.	.	.
10	122651874	10_122651874_C_T	C	T	10_122815969_C_T	.	.	.
10	122651875	10_122651875_C_T	C	T	10_122815970_C_T	.	.	.
10	122651880	10_122651880_C_T	C	T	10_122815975_C_T	.	.	.
10	122651881	10_122651881_C_T	C	T	10_122815976_C_T	.	.	.
10	122651882	10_122651882_C_T	C	T	10_122815977_C_T	.	.	.
10	122651887	10_122651887_C_T	C	T	10_122815982_C_T	.	.	.
10	76972555	10_76972555_G_A	G	A	10_77136721_G_A	.	.	.
10	76972552	10_76972552_G_A	G	A	10_77136718_G_A	.	.	.
10	76972546	10_76972546_G_A	G	A	10_77136712_G_A	.	.	.
10	76972545	10_76972545_G_A	G	A	10_77136711_G_A	.	.	.
10	76972535	10_76972535_G_A	G	A	10_77136701_G_A	.	.	.
12	99266087	12_99266087_C_T	C	T	12_99299828_C_T	.	.	.
12	99266090	12_99266090_C_T	C	T	12_99299831_C_T	.	.	.
12	99266091	12_99266091_C_T	C	T	12_99299832_C_T	.	.	.
12	99266096	12_99266096_C_T	C	T	12_99299837_C_T	.	.	.
12	99266097	12_99266097_C_T	C	T	12_99299838_C_T	.	.	.
12	99266098	12_99266098_C_T	C	T	12_99299839_C_T	.	.	.
12	99266103	12_99266103_C_T	C	T	12_99299844_C_T	.	.	.
14	48471308	14_48471308_G_A	G	A	14_48233851_G_A	.	.	.
14	48471305	14_48471305_G_A	G	A	14_48233848_G_A	.	.	.
14	48471299	14_48471299_G_A	G	A	14_48233842_G_A	.	.	.
14	48471298	14_48471298_G_A	G	A	14_48233841_G_A	.	.	.
14	48471297	14_48471297_G_A	G	A	14_48233840_G_A	.	.	.
14	48471294	14_48471294_G_A	G	A	14_48233837_G_A	.	.	.
14	48471292	14_48471292_G_A	G	A	14_48233835_G_A	.	.	.
14	92287193	14_92287193_C_T	C	T	14_92049757_C_T	.	.	.
14	92287194	14_92287194_C_T	C	T	14_92049758_C_T	.	.	.
14	92287199	14_92287199_C_T	C	T	14_92049763_C_T	.	.	.
14	92287200	14_92287200_C_T	C	T	14_92049764_C_T	.	.	.
14	92287201	14_92287201_C_T	C	T	14_92049765_C_T	.	.	.
14	92287206	14_92287206_C_T	C	T	14_92049770_C_T	.	.	.
15	83639266	15_83639266_C_T	C	T	15_83755065_C_T	.	.	.
15	83639275	15_83639275_C_T	C	T	15_83755074_C_T	.	.	.
15	83639277	15_83639277_C_T	C	T	15_83755076_C_T	.	.	.
15	83639282	15_83639282_C_T	C	T	15_83755081_C_T	.	.	.
2	25157966	2_25157966_C_T	C	T	2_25267954_C_T	.	.	.
2	25157972	2_25157972_C_T	C	T	2_25267960_C_T	.	.	.
2	25157973	2_25157973_C_T	C	T	2_25267961_C_T	.	.	.
2	25157979	2_25157979_C_T	C	T	2_25267967_C_T	.	.	.
4	132817836	4_132817836_G_A	G	A	4_133090525_G_A	.	.	.
4	132817833	4_132817833_G_A	G	A	4_133090522_G_A	.	.	.
4	132817827	4_132817827_G_A	G	A	4_133090516_G_A	.	.	.
4	132817826	4_132817826_G_A	G	A	4_133090515_G_A	.	.	.
4	132817825	4_132817825_G_A	G	A	4_133090514_G_A	.	.	.
5	120315785	5_120315785_G_A	G	A	5_120177720_G_A	.	.	.
5	120315784	5_120315784_G_A	G	A	5_120177719_G_A	.	.	.
5	120315783	5_120315783_G_A	G	A	5_120177718_G_A	.	.	.
5	120315778	5_120315778_G_A	G	A	5_120177713_G_A	.	.	.
5	120315777	5_120315777_G_A	G	A	5_120177712_G_A	.	.	.
5	120315771	5_120315771_G_A	G	A	5_120177706_G_A	.	.	.
5	122012863	5_122012863_G_A	G	A	5_121874800_G_A	.	.	.
5	122012860	5_122012860_G_A	G	A	5_121874797_G_A	.	.	.
5	122012859	5_122012859_G_A	G	A	5_121874796_G_A	.	.	.
5	122012856	5_122012856_G_A	G	A	5_121874793_G_A	.	.	.
5	122012855	5_122012855_G_A	G	A	5_121874792_G_A	.	.	.
5	122012854	5_122012854_G_A	G	A	5_121874791_G_A	.	.	.
5	122012853	5_122012853_G_A	G	A	5_121874790_G_A	.	.	.
5	122012852	5_122012852_G_A	G	A	5_121874789_G_A	.	.	.
5	122012847	5_122012847_G_A	G	A	5_121874784_G_A	.	.	.
5	122104718	5_122104718_C_T	C	T	5_121966655_C_T	.	.	.
5	122104724	5_122104724_C_T	C	T	5_121966661_C_T	.	.	.
5	122104726	5_122104726_C_T	C	T	5_121966663_C_T	.	.	.
5	122104731	5_122104731_C_T	C	T	5_121966668_C_T	.	.	.
11	100635152	11_100635152_C_T	C	T	11_100744326_C_T	.	.	.
11	100635153	11_100635153_C_T	C	T	11_100744327_C_T	.	.	.
11	100635156	11_100635156_C_T	C	T	11_100744330_C_T	.	.	.
11	100635158	11_100635158_C_T	C	T	11_100744332_C_T	.	.	.
11	100635159	11_100635159_C_T	C	T	11_100744333_C_T	.	.	.
11	100635165	11_100635165_C_T	C	T	11_100744339_C_T	.	.	.
11	101077519	11_101077519_G_A	G	A	11_101186693_G_A	.	.	.
11	101077515	11_101077515_G_A	G	A	11_101186689_G_A	.	.	.
11	101077510	11_101077510_G_A	G	A	11_101186684_G_A	.	.	.
11	101077509	11_101077509_G_A	G	A	11_101186683_G_A	.	.	.
11	101077508	11_101077508_G_A	G	A	11_101186682_G_A	.	.	.
11	101077503	11_101077503_G_A	G	A	11_101186677_G_A	.	.	.
11	101077502	11_101077502_G_A	G	A	11_101186676_G_A	.	.	.
12	79864883	12_79864883_G_A	G	A	12_79818109_G_A	.	.	.
12	79864880	12_79864880_G_A	G	A	12_79818106_G_A	.	.	.
12	79864879	12_79864879_G_A	G	A	12_79818105_G_A	.	.	.
12	79864877	12_79864877_G_A	G	A	12_79818103_G_A	.	.	.
12	79864874	12_79864874_G_A	G	A	12_79818100_G_A	.	.	.
12	79864872	12_79864872_G_A	G	A	12_79818098_G_A	.	.	.
12	79864867	12_79864867_G_A	G	A	12_79818093_G_A	.	.	.
12	79864865	12_79864865_G_A	G	A	12_79818091_G_A	.	.	.
14	31723430	14_31723430_G_A	G	A	14_32001473_G_A	.	.	.
14	31723429	14_31723429_G_A	G	A	14_32001472_G_A	.	.	.
14	31723424	14_31723424_G_A	G	A	14_32001467_G_A	.	.	.
14	31723417	14_31723417_G_A	G	A	14_32001460_G_A	.	.	.
14	57813465	14_57813465_C_T	C	T	14_57576008_C_T	.	.	.
14	57813469	14_57813469_C_T	C	T	14_57576012_C_T	.	.	.
14	57813470	14_57813470_C_T	C	T	14_57576013_C_T	.	.	.
14	57813474	14_57813474_C_T	C	T	14_57576017_C_T	.	.	.
14	57813475	14_57813475_C_T	C	T	14_57576018_C_T	.	.	.
14	57813481	14_57813481_C_T	C	T	14_57576024_C_T	.	.	.
14	78534363	14_78534363_G_A	G	A	14_78296923_G_A	.	.	.
14	78534362	14_78534362_G_A	G	A	14_78296922_G_A	.	.	.
14	78534361	14_78534361_G_A	G	A	14_78296921_G_A	.	.	.
14	78534360	14_78534360_G_A	G	A	14_78296920_G_A	.	.	.
14	78534359	14_78534359_G_A	G	A	14_78296919_G_A	.	.	.
14	78534358	14_78534358_G_A	G	A	14_78296918_G_A	.	.	.
14	78534353	14_78534353_G_A	G	A	14_78296913_G_A	.	.	.
14	78534352	14_78534352_G_A	G	A	14_78296912_G_A	.	.	.
14	78534346	14_78534346_G_A	G	A	14_78296906_G_A	.	.	.
14	78534345	14_78534345_G_A	G	A	14_78296905_G_A	.	.	.
14	78534344	14_78534344_G_A	G	A	14_78296904_G_A	.	.	.
15	11995407	15_11995407_C_T	C	T	15_11995321_C_T	.	.	.
15	11995408	15_11995408_C_T	C	T	15_11995322_C_T	.	.	.
15	11995412	15_11995412_C_T	C	T	15_11995326_C_T	.	.	.
15	11995417	15_11995417_C_T	C	T	15_11995331_C_T	.	.	.
15	11995418	15_11995418_C_T	C	T	15_11995332_C_T	.	.	.
15	11995419	15_11995419_C_T	C	T	15_11995333_C_T	.	.	.
15	11995424	15_11995424_C_T	C	T	15_11995338_C_T	.	.	.
15	63913425	15_63913425_G_A	G	A	15_64041576_G_A	.	.	.
15	63913424	15_63913424_G_A	G	A	15_64041575_G_A	.	.	.
15	63913421	15_63913421_G_A	G	A	15_64041572_G_A	.	.	.
15	63913420	15_63913420_G_A	G	A	15_64041571_G_A	.	.	.
15	63913415	15_63913415_G_A	G	A	15_64041566_G_A	.	.	.
15	63913414	15_63913414_G_A	G	A	15_64041565_G_A	.	.	.
15	63913409	15_63913409_G_A	G	A	15_64041560_G_A	.	.	.
15	63913408	15_63913408_G_A	G	A	15_64041559_G_A	.	.	.
15	63913406	15_63913406_G_A	G	A	15_64041557_G_A	.	.	.
16	20498761	16_20498761_C_T	C	T	16_20680011_C_T	.	.	.
16	20498764	16_20498764_C_T	C	T	16_20680014_C_T	.	.	.
16	20498767	16_20498767_C_T	C	T	16_20680017_C_T	.	.	.
16	20498770	16_20498770_C_T	C	T	16_20680020_C_T	.	.	.
16	20498771	16_20498771_C_T	C	T	16_20680021_C_T	.	.	.
16	20498772	16_20498772_C_T	C	T	16_20680022_C_T	.	.	.
16	76169377	16_76169377_C_T	C	T	16_76372489_C_T	.	.	.
16	76169380	16_76169380_C_T	C	T	16_76372492_C_T	.	.	.
16	76169381	16_76169381_C_T	C	T	16_76372493_C_T	.	.	.
16	76169384	16_76169384_C_T	C	T	16_76372496_C_T	.	.	.
16	76169386	16_76169386_C_T	C	T	16_76372498_C_T	.	.	.
16	76169387	16_76169387_C_T	C	T	16_76372499_C_T	.	.	.
16	76169388	16_76169388_C_T	C	T	16_76372500_C_T	.	.	.
16	76169393	16_76169393_C_T	C	T	16_76372505_C_T	.	.	.
16	76169395	16_76169395_C_T	C	T	16_76372507_C_T	.	.	.
3	121836190	3_121836190_G_A	G	A	3_122042541_G_A	.	.	.
3	121836187	3_121836187_G_A	G	A	3_122042538_G_A	.	.	.
3	121836181	3_121836181_G_A	G	A	3_122042532_G_A	.	.	.
3	121836180	3_121836180_G_A	G	A	3_122042531_G_A	.	.	.
3	121836174	3_121836174_G_A	G	A	3_122042525_G_A	.	.	.
3	121836173	3_121836173_G_A	G	A	3_122042524_G_A	.	.	.
3	30108966	3_30108966_C_T	C	T	3_30054817_C_T	.	.	.
3	30108969	3_30108969_C_T	C	T	3_30054820_C_T	.	.	.
3	30108975	3_30108975_C_T	C	T	3_30054826_C_T	.	.	.
3	30108976	3_30108976_C_T	C	T	3_30054827_C_T	.	.	.
3	30108977	3_30108977_C_T	C	T	3_30054828_C_T	.	.	.
3	30108982	3_30108982_C_T	C	T	3_30054833_C_T	.	.	.
4	66682341	4_66682341_G_A	G	A	4_66764104_G_A	.	.	.
4	66682334	4_66682334_G_A	G	A	4_66764097_G_A	.	.	.
4	66682332	4_66682332_G_A	G	A	4_66764095_G_A	.	.	.
4	66682330	4_66682330_G_A	G	A	4_66764093_G_A	.	.	.
4	66682325	4_66682325_G_A	G	A	4_66764088_G_A	.	.	.
6	117845286	6_117845286_G_A	G	A	6_117868325_G_A	.	.	.
6	117845283	6_117845283_G_A	G	A	6_117868322_G_A	.	.	.
6	117845282	6_117845282_G_A	G	A	6_117868321_G_A	.	.	.
6	117845279	6_117845279_G_A	G	A	6_117868318_G_A	.	.	.
6	117845277	6_117845277_G_A	G	A	6_117868316_G_A	.	.	.
6	117845276	6_117845276_G_A	G	A	6_117868315_G_A	.	.	.
6	117845275	6_117845275_G_A	G	A	6_117868314_G_A	.	.	.
6	117845270	6_117845270_G_A	G	A	6_117868309_G_A	.	.	.
6	135791206	6_135791206_C_T	C	T	6_135814208_C_T	.	.	.
6	135791215	6_135791215_C_T	C	T	6_135814217_C_T	.	.	.
6	135791216	6_135791216_C_T	C	T	6_135814218_C_T	.	.	.
6	135791217	6_135791217_C_T	C	T	6_135814219_C_T	.	.	.
6	135791222	6_135791222_C_T	C	T	6_135814224_C_T	.	.	.
7	136759583	7_136759583_C_T	C	T	7_137157854_C_T	.	.	.
7	136759584	7_136759584_C_T	C	T	7_137157855_C_T	.	.	.
7	136759589	7_136759589_C_T	C	T	7_137157860_C_T	.	.	.
7	136759590	7_136759590_C_T	C	T	7_137157861_C_T	.	.	.
7	136759591	7_136759591_C_T	C	T	7_137157862_C_T	.	.	.
7	136759596	7_136759596_C_T	C	T	7_137157867_C_T	.	.	.
7	136759597	7_136759597_C_T	C	T	7_137157868_C_T	.	.	.
7	72654943	7_72654943_G_A	G	A	7_73005195_G_A	.	.	.
7	72654940	7_72654940_G_A	G	A	7_73005192_G_A	.	.	.
7	72654935	7_72654935_G_A	G	A	7_73005187_G_A	.	.	.
7	72654934	7_72654934_G_A	G	A	7_73005186_G_A	.	.	.
7	72654933	7_72654933_G_A	G	A	7_73005185_G_A	.	.	.
7	72654932	7_72654932_G_A	G	A	7_73005184_G_A	.	.	.
7	72654927	7_72654927_G_A	G	A	7_73005179_G_A	.	.	.
8	119204218	8_119204218_C_T	C	T	8_118477479_C_T	.	.	.
8	119204222	8_119204222_C_T	C	T	8_118477483_C_T	.	.	.
8	119204227	8_119204227_C_T	C	T	8_118477488_C_T	.	.	.
8	119204228	8_119204228_C_T	C	T	8_118477489_C_T	.	.	.
8	119204229	8_119204229_C_T	C	T	8_118477490_C_T	.	.	.
8	119204234	8_119204234_C_T	C	T	8_118477495_C_T	.	.	.
8	14089969	8_14089969_C_T	C	T	8_14039969_C_T	.	.	.
8	14089972	8_14089972_C_T	C	T	8_14039972_C_T	.	.	.
8	14089975	8_14089975_C_T	C	T	8_14039975_C_T	.	.	.
8	14089976	8_14089976_C_T	C	T	8_14039976_C_T	.	.	.
8	14089982	8_14089982_C_T	C	T	8_14039982_C_T	.	.	.
8	48443204	8_48443204_G_A	G	A	8_47990169_G_A	.	.	.
8	48443201	8_48443201_G_A	G	A	8_47990166_G_A	.	.	.
8	48443200	8_48443200_G_A	G	A	8_47990165_G_A	.	.	.
8	48443198	8_48443198_G_A	G	A	8_47990163_G_A	.	.	.
8	48443195	8_48443195_G_A	G	A	8_47990160_G_A	.	.	.
8	48443194	8_48443194_G_A	G	A	8_47990159_G_A	.	.	.
8	48443193	8_48443193_G_A	G	A	8_47990158_G_A	.	.	.
8	48443192	8_48443192_G_A	G	A	8_47990157_G_A	.	.	.
8	48443187	8_48443187_G_A	G	A	8_47990152_G_A	.	.	.
8	58155828	8_58155828_C_T	C	T	8_57702794_C_T	.	.	.
8	58155829	8_58155829_C_T	C	T	8_57702795_C_T	.	.	.
8	58155832	8_58155832_C_T	C	T	8_57702798_C_T	.	.	.
8	58155838	8_58155838_C_T	C	T	8_57702804_C_T	.	.	.
8	58155839	8_58155839_C_T	C	T	8_57702805_C_T	.	.	.
8	58155840	8_58155840_C_T	C	T	8_57702806_C_T	.	.	.
8	58155845	8_58155845_C_T	C	T	8_57702811_C_T	.	.	.
8	58155849	8_58155849_C_T	C	T	8_57702815_C_T	.	.	.
8	76267548	8_76267548_G_A	G	A	8_75540920_G_A	.	.	.
8	76267547	8_76267547_G_A	G	A	8_75540919_G_A	.	.	.
8	76267542	8_76267542_G_A	G	A	8_75540914_G_A	.	.	.
8	76267541	8_76267541_G_A	G	A	8_75540913_G_A	.	.	.
8	76267540	8_76267540_G_A	G	A	8_75540912_G_A	.	.	.
8	76267535	8_76267535_G_A	G	A	8_75540907_G_A	.	.	.
9	22447192	9_22447192_G_A	G	A	9_22535896_G_A	.	.	.
9	22447188	9_22447188_G_A	G	A	9_22535892_G_A	.	.	.
9	22447187	9_22447187_G_A	G	A	9_22535891_G_A	.	.	.
9	22447182	9_22447182_G_A	G	A	9_22535886_G_A	.	.	.
9	22447181	9_22447181_G_A	G	A	9_22535885_G_A	.	.	.
9	22447180	9_22447180_G_A	G	A	9_22535884_G_A	.	.	.
9	22447175	9_22447175_G_A	G	A	9_22535879_G_A	.	.	.
X	64146548	X_64146548_C_T	C	T	X_65102942_C_T	.	.	.
X	64146549	X_64146549_C_T	C	T	X_65102943_C_T	.	.	.
X	64146554	X_64146554_C_T	C	T	X_65102948_C_T	.	.	.
X	64146555	X_64146555_C_T	C	T	X_65102949_C_T	.	.	.
X	64146556	X_64146556_C_T	C	T	X_65102950_C_T	.	.	.
X	64146561	X_64146561_C_T	C	T	X_65102955_C_T	.	.	.
10	110386059	10_110386059_G_A	G	A	10_110550198_G_A	.	.	.
10	110386056	10_110386056_G_A	G	A	10_110550195_G_A	.	.	.
10	110386050	10_110386050_G_A	G	A	10_110550189_G_A	.	.	.
10	110386049	10_110386049_G_A	G	A	10_110550188_G_A	.	.	.
10	110386043	10_110386043_G_A	G	A	10_110550182_G_A	.	.	.
10	59058353	10_59058353_G_A	G	A	10_59222531_G_A	.	.	.
10	59058352	10_59058352_G_A	G	A	10_59222530_G_A	.	.	.
10	59058351	10_59058351_G_A	G	A	10_59222529_G_A	.	.	.
10	59058348	10_59058348_G_A	G	A	10_59222526_G_A	.	.	.
10	59058346	10_59058346_G_A	G	A	10_59222524_G_A	.	.	.
10	59058345	10_59058345_G_A	G	A	10_59222523_G_A	.	.	.
10	59058344	10_59058344_G_A	G	A	10_59222522_G_A	.	.	.
10	59058339	10_59058339_G_A	G	A	10_59222517_G_A	.	.	.
10	59058337	10_59058337_G_A	G	A	10_59222515_G_A	.	.	.
11	102468125	11_102468125_G_A	G	A	11_102577299_G_A	.	.	.
11	102468122	11_102468122_G_A	G	A	11_102577296_G_A	.	.	.
11	102468116	11_102468116_G_A	G	A	11_102577290_G_A	.	.	.
11	102468115	11_102468115_G_A	G	A	11_102577289_G_A	.	.	.
11	102468110	11_102468110_G_A	G	A	11_102577284_G_A	.	.	.
11	102632542	11_102632542_G_A	G	A	11_102741716_G_A	.	.	.
11	102632539	11_102632539_G_A	G	A	11_102741713_G_A	.	.	.
11	102632538	11_102632538_G_A	G	A	11_102741712_G_A	.	.	.
11	102632533	11_102632533_G_A	G	A	11_102741707_G_A	.	.	.
11	102632532	11_102632532_G_A	G	A	11_102741706_G_A	.	.	.
11	102632531	11_102632531_G_A	G	A	11_102741705_G_A	.	.	.
11	102632526	11_102632526_G_A	G	A	11_102741700_G_A	.	.	.
11	102632522	11_102632522_G_A	G	A	11_102741696_G_A	.	.	.
12	57798814	12_57798814_G_A	G	A	12_57752028_G_A	.	.	.
12	57798808	12_57798808_G_A	G	A	12_57752022_G_A	.	.	.
12	57798807	12_57798807_G_A	G	A	12_57752021_G_A	.	.	.
12	57798801	12_57798801_G_A	G	A	12_57752015_G_A	.	.	.
13	46786812	13_46786812_G_A	G	A	13_46633336_G_A	.	.	.
13	46786809	13_46786809_G_A	G	A	13_46633333_G_A	.	.	.
13	46786808	13_46786808_G_A	G	A	13_46633332_G_A	.	.	.
13	46786803	13_46786803_G_A	G	A	13_46633327_G_A	.	.	.
13	46786802	13_46786802_G_A	G	A	13_46633326_G_A	.	.	.
13	46786796	13_46786796_G_A	G	A	13_46633320_G_A	.	.	.
13	46786794	13_46786794_G_A	G	A	13_46633318_G_A	.	.	.
13	66135688	13_66135688_C_T	C	T	13_65987874_C_T	.	.	.
13	66135689	13_66135689_C_T	C	T	13_65987875_C_T	.	.	.
13	66135694	13_66135694_C_T	C	T	13_65987880_C_T	.	.	.
13	66135695	13_66135695_C_T	C	T	13_65987881_C_T	.	.	.
13	66135696	13_66135696_C_T	C	T	13_65987882_C_T	.	.	.
13	66135701	13_66135701_C_T	C	T	13_65987887_C_T	.	.	.
14	116314392	14_116314392_G_A	G	A	14_116076980_G_A	.	.	.
14	116314391	14_116314391_G_A	G	A	14_116076979_G_A	.	.	.
14	116314386	14_116314386_G_A	G	A	14_116076974_G_A	.	.	.
14	116314385	14_116314385_G_A	G	A	14_116076973_G_A	.	.	.
14	116314384	14_116314384_G_A	G	A	14_116076972_G_A	.	.	.
14	116314379	14_116314379_G_A	G	A	14_116076967_G_A	.	.	.
14	48191792	14_48191792_G_A	G	A	14_47954335_G_A	.	.	.
14	48191791	14_48191791_G_A	G	A	14_47954334_G_A	.	.	.
14	48191786	14_48191786_G_A	G	A	14_47954329_G_A	.	.	.
14	48191785	14_48191785_G_A	G	A	14_47954328_G_A	.	.	.
14	48191784	14_48191784_G_A	G	A	14_47954327_G_A	.	.	.
14	48191779	14_48191779_G_A	G	A	14_47954322_G_A	.	.	.
15	25471761	15_25471761_G_A	G	A	15_25471675_G_A	.	.	.
15	25471758	15_25471758_G_A	G	A	15_25471672_G_A	.	.	.
15	25471751	15_25471751_G_A	G	A	15_25471665_G_A	.	.	.
15	25471745	15_25471745_G_A	G	A	15_25471659_G_A	.	.	.
15	53382393	15_53382393_C_T	C	T	15_53518997_C_T	.	.	.
15	53382398	15_53382398_C_T	C	T	15_53519002_C_T	.	.	.
15	53382399	15_53382399_C_T	C	T	15_53519003_C_T	.	.	.
15	53382400	15_53382400_C_T	C	T	15_53519004_C_T	.	.	.
19	53851937	19_53851937_G_A	G	A	19_53863506_G_A	.	.	.
19	53851931	19_53851931_G_A	G	A	19_53863500_G_A	.	.	.
19	53851930	19_53851930_G_A	G	A	19_53863499_G_A	.	.	.
19	53851929	19_53851929_G_A	G	A	19_53863498_G_A	.	.	.
19	53851924	19_53851924_G_A	G	A	19_53863493_G_A	.	.	.
19	53851920	19_53851920_G_A	G	A	19_53863489_G_A	.	.	.
1	122367298	1_122367298_C_T	C	T	1_122439569_C_T	.	.	.
1	122367307	1_122367307_C_T	C	T	1_122439578_C_T	.	.	.
1	122367308	1_122367308_C_T	C	T	1_122439579_C_T	.	.	.
1	122367309	1_122367309_C_T	C	T	1_122439580_C_T	.	.	.
2	147888950	2_147888950_C_T	C	T	2_148047030_C_T	.	.	.
2	147888953	2_147888953_C_T	C	T	2_148047033_C_T	.	.	.
2	147888954	2_147888954_C_T	C	T	2_148047034_C_T	.	.	.
2	147888959	2_147888959_C_T	C	T	2_148047039_C_T	.	.	.
2	147888960	2_147888960_C_T	C	T	2_148047040_C_T	.	.	.
2	147888961	2_147888961_C_T	C	T	2_148047041_C_T	.	.	.
2	147888968	2_147888968_C_T	C	T	2_148047048_C_T	.	.	.
2	172381751	2_172381751_G_A	G	A	2_172539831_G_A	.	.	.
2	172381749	2_172381749_G_A	G	A	2_172539829_G_A	.	.	.
2	172381746	2_172381746_G_A	G	A	2_172539826_G_A	.	.	.
2	172381745	2_172381745_G_A	G	A	2_172539825_G_A	.	.	.
2	172381742	2_172381742_G_A	G	A	2_172539822_G_A	.	.	.
2	172381740	2_172381740_G_A	G	A	2_172539820_G_A	.	.	.
2	172381739	2_172381739_G_A	G	A	2_172539819_G_A	.	.	.
2	172381733	2_172381733_G_A	G	A	2_172539813_G_A	.	.	.
2	69553516	2_69553516_C_T	C	T	2_69723172_C_T	.	.	.
2	69553519	2_69553519_C_T	C	T	2_69723175_C_T	.	.	.
2	69553520	2_69553520_C_T	C	T	2_69723176_C_T	.	.	.
2	69553524	2_69553524_C_T	C	T	2_69723180_C_T	.	.	.
2	69553525	2_69553525_C_T	C	T	2_69723181_C_T	.	.	.
2	69553526	2_69553526_C_T	C	T	2_69723182_C_T	.	.	.
2	69553527	2_69553527_C_T	C	T	2_69723183_C_T	.	.	.
2	69553532	2_69553532_C_T	C	T	2_69723188_C_T	.	.	.
3	67619623	3_67619623_G_A	G	A	3_67712290_G_A	.	.	.
3	67619620	3_67619620_G_A	G	A	3_67712287_G_A	.	.	.
3	67619616	3_67619616_G_A	G	A	3_67712283_G_A	.	.	.
3	67619614	3_67619614_G_A	G	A	3_67712281_G_A	.	.	.
3	67619613	3_67619613_G_A	G	A	3_67712280_G_A	.	.	.
3	67619612	3_67619612_G_A	G	A	3_67712279_G_A	.	.	.
3	67619607	3_67619607_G_A	G	A	3_67712274_G_A	.	.	.
4	141660762	4_141660762_C_T	C	T	4_141933451_C_T	.	.	.
4	141660765	4_141660765_C_T	C	T	4_141933454_C_T	.	.	.
4	141660771	4_141660771_C_T	C	T	4_141933460_C_T	.	.	.
4	141660773	4_141660773_C_T	C	T	4_141933462_C_T	.	.	.
4	141660778	4_141660778_C_T	C	T	4_141933467_C_T	.	.	.
4	34856141	4_34856141_G_A	G	A	4_34856141_G_A	.	.	.
4	34856138	4_34856138_G_A	G	A	4_34856138_G_A	.	.	.
4	34856137	4_34856137_G_A	G	A	4_34856137_G_A	.	.	.
4	34856134	4_34856134_G_A	G	A	4_34856134_G_A	.	.	.
4	34856132	4_34856132_G_A	G	A	4_34856132_G_A	.	.	.
4	34856130	4_34856130_G_A	G	A	4_34856130_G_A	.	.	.
4	34856125	4_34856125_G_A	G	A	4_34856125_G_A	.	.	.
4	45743445	4_45743445_C_T	C	T	4_45743445_C_T	.	.	.
4	45743451	4_45743451_C_T	C	T	4_45743451_C_T	.	.	.
4	45743452	4_45743452_C_T	C	T	4_45743452_C_T	.	.	.
4	45743453	4_45743453_C_T	C	T	4_45743453_C_T	.	.	.
4	45743457	4_45743457_C_T	C	T	4_45743457_C_T	.	.	.
4	45743458	4_45743458_C_T	C	T	4_45743458_C_T	.	.	.
5	26879287	5_26879287_G_A	G	A	5_26674289_G_A	.	.	.
5	26879284	5_26879284_G_A	G	A	5_26674286_G_A	.	.	.
5	26879283	5_26879283_G_A	G	A	5_26674285_G_A	.	.	.
5	26879282	5_26879282_G_A	G	A	5_26674284_G_A	.	.	.
5	26879278	5_26879278_G_A	G	A	5_26674280_G_A	.	.	.
5	26879277	5_26879277_G_A	G	A	5_26674279_G_A	.	.	.
5	26879276	5_26879276_G_A	G	A	5_26674278_G_A	.	.	.
5	26879271	5_26879271_G_A	G	A	5_26674273_G_A	.	.	.
6	93831558	6_93831558_C_T	C	T	6_93854577_C_T	.	.	.
6	93831561	6_93831561_C_T	C	T	6_93854580_C_T	.	.	.
6	93831567	6_93831567_C_T	C	T	6_93854586_C_T	.	.	.
6	93831568	6_93831568_C_T	C	T	6_93854587_C_T	.	.	.
6	93831569	6_93831569_C_T	C	T	6_93854588_C_T	.	.	.
6	93831572	6_93831572_C_T	C	T	6_93854591_C_T	.	.	.
6	93831573	6_93831573_C_T	C	T	6_93854592_C_T	.	.	.
6	93831574	6_93831574_C_T	C	T	6_93854593_C_T	.	.	.
7	118327274	7_118327274_C_T	C	T	7_118728051_C_T	.	.	.
7	118327278	7_118327278_C_T	C	T	7_118728055_C_T	.	.	.
7	118327283	7_118327283_C_T	C	T	7_118728060_C_T	.	.	.
7	118327284	7_118327284_C_T	C	T	7_118728061_C_T	.	.	.
7	118327285	7_118327285_C_T	C	T	7_118728062_C_T	.	.	.
7	118327289	7_118327289_C_T	C	T	7_118728066_C_T	.	.	.
7	118327290	7_118327290_C_T	C	T	7_118728067_C_T	.	.	.
7	144717132	7_144717132_C_T	C	T	7_145163395_C_T	.	.	.
7	144717135	7_144717135_C_T	C	T	7_145163398_C_T	.	.	.
7	144717141	7_144717141_C_T	C	T	7_145163404_C_T	.	.	.
7	144717142	7_144717142_C_T	C	T	7_145163405_C_T	.	.	.
7	144717143	7_144717143_C_T	C	T	7_145163406_C_T	.	.	.
7	144717148	7_144717148_C_T	C	T	7_145163411_C_T	.	.	.
7	18409944	7_18409944_C_T	C	T	7_18676019_C_T	.	.	.
7	18409945	7_18409945_C_T	C	T	7_18676020_C_T	.	.	.
7	18409950	7_18409950_C_T	C	T	7_18676025_C_T	.	.	.
7	18409951	7_18409951_C_T	C	T	7_18676026_C_T	.	.	.
7	18409952	7_18409952_C_T	C	T	7_18676027_C_T	.	.	.
7	18409957	7_18409957_C_T	C	T	7_18676032_C_T	.	.	.
7	97406908	7_97406908_G_A	G	A	7_97757701_G_A	.	.	.
7	97406907	7_97406907_G_A	G	A	7_97757700_G_A	.	.	.
7	97406904	7_97406904_G_A	G	A	7_97757697_G_A	.	.	.
7	97406903	7_97406903_G_A	G	A	7_97757696_G_A	.	.	.
7	97406898	7_97406898_G_A	G	A	7_97757691_G_A	.	.	.
7	97406897	7_97406897_G_A	G	A	7_97757690_G_A	.	.	.
7	97406896	7_97406896_G_A	G	A	7_97757689_G_A	.	.	.
7	97406891	7_97406891_G_A	G	A	7_97757684_G_A	.	.	.
7	97406887	7_97406887_G_A	G	A	7_97757680_G_A	.	.	.
8	120103065	8_120103065_C_T	C	T	8_119376326_C_T	.	.	.
8	120103068	8_120103068_C_T	C	T	8_119376329_C_T	.	.	.
8	120103069	8_120103069_C_T	C	T	8_119376330_C_T	.	.	.
8	120103071	8_120103071_C_T	C	T	8_119376332_C_T	.	.	.
8	120103072	8_120103072_C_T	C	T	8_119376333_C_T	.	.	.
8	120103078	8_120103078_C_T	C	T	8_119376339_C_T	.	.	.
8	14310356	8_14310356_G_A	G	A	8_14260356_G_A	.	.	.
8	14310353	8_14310353_G_A	G	A	8_14260353_G_A	.	.	.
8	14310352	8_14310352_G_A	G	A	8_14260352_G_A	.	.	.
8	14310348	8_14310348_G_A	G	A	8_14260348_G_A	.	.	.
8	14310347	8_14310347_G_A	G	A	8_14260347_G_A	.	.	.
8	14310346	8_14310346_G_A	G	A	8_14260346_G_A	.	.	.
8	14310340	8_14310340_G_A	G	A	8_14260340_G_A	.	.	.
8	35839683	8_35839683_C_T	C	T	8_35372529_C_T	.	.	.
8	35839685	8_35839685_C_T	C	T	8_35372531_C_T	.	.	.
8	35839686	8_35839686_C_T	C	T	8_35372532_C_T	.	.	.
8	35839692	8_35839692_C_T	C	T	8_35372538_C_T	.	.	.
8	35839693	8_35839693_C_T	C	T	8_35372539_C_T	.	.	.
8	35839694	8_35839694_C_T	C	T	8_35372540_C_T	.	.	.
8	35839699	8_35839699_C_T	C	T	8_35372545_C_T	.	.	.
9	102951673	9_102951673_G_A	G	A	9_103074474_G_A	.	.	.
9	102951670	9_102951670_G_A	G	A	9_103074471_G_A	.	.	.
9	102951667	9_102951667_G_A	G	A	9_103074468_G_A	.	.	.
9	102951665	9_102951665_G_A	G	A	9_103074466_G_A	.	.	.
9	103022700	9_103022700_C_T	C	T	9_103145501_C_T	.	.	.
9	103022703	9_103022703_C_T	C	T	9_103145504_C_T	.	.	.
9	103022708	9_103022708_C_T	C	T	9_103145509_C_T	.	.	.
9	103022709	9_103022709_C_T	C	T	9_103145510_C_T	.	.	.
9	103022711	9_103022711_C_T	C	T	9_103145512_C_T	.	.	.
9	103022715	9_103022715_C_T	C	T	9_103145516_C_T	.	.	.
9	103022716	9_103022716_C_T	C	T	9_103145517_C_T	.	.	.
9	44799604	9_44799604_G_A	G	A	9_44888306_G_A	.	.	.
9	44799600	9_44799600_G_A	G	A	9_44888302_G_A	.	.	.
9	44799599	9_44799599_G_A	G	A	9_44888301_G_A	.	.	.
9	44799595	9_44799595_G_A	G	A	9_44888297_G_A	.	.	.
9	44799594	9_44799594_G_A	G	A	9_44888296_G_A	.	.	.
9	44799593	9_44799593_G_A	G	A	9_44888295_G_A	.	.	.
9	44799589	9_44799589_G_A	G	A	9_44888291_G_A	.	.	.
9	44799588	9_44799588_G_A	G	A	9_44888290_G_A	.	.	.
9	44799584	9_44799584_G_A	G	A	9_44888286_G_A	.	.	.
9	46396851	9_46396851_C_T	C	T	9_46485553_C_T	.	.	.
9	46396852	9_46396852_C_T	C	T	9_46485554_C_T	.	.	.
9	46396855	9_46396855_C_T	C	T	9_46485557_C_T	.	.	.
9	46396861	9_46396861_C_T	C	T	9_46485563_C_T	.	.	.
9	46396862	9_46396862_C_T	C	T	9_46485564_C_T	.	.	.
9	46396863	9_46396863_C_T	C	T	9_46485565_C_T	.	.	.
9	46396868	9_46396868_C_T	C	T	9_46485570_C_T	.	.	.
9	72435426	9_72435426_G_A	G	A	9_72528144_G_A	.	.	.
9	72435423	9_72435423_G_A	G	A	9_72528141_G_A	.	.	.
9	72435417	9_72435417_G_A	G	A	9_72528135_G_A	.	.	.
9	72435416	9_72435416_G_A	G	A	9_72528134_G_A	.	.	.
9	72435410	9_72435410_G_A	G	A	9_72528128_G_A	.	.	.
